"","word","sum","wordnum","judge"
"1","不要像我一樣",10,6,TRUE
"2","最低錄取分數",13,6,TRUE
"3","開始寫考古題",13,6,TRUE
"4","大的考古題",12,5,TRUE
"5","中國文學史",13,5,TRUE
"6","台灣文學史",14,5,TRUE
"7","因為我覺得",16,5,TRUE
"8","在準備考試",10,5,TRUE
"9","老師的上課",10,5,TRUE
"10","考研究所的",16,5,TRUE
"11","考試的時候",15,5,TRUE
"12","自己的筆記",11,5,TRUE
"13","我自己覺得",12,5,TRUE
"14","法題型破解",10,5,TRUE
"15","的準備方式",12,5,TRUE
"16","的讀書方式",10,5,TRUE
"17","後面的題目",11,5,TRUE
"18","是很重要的",12,5,TRUE
"19","研究所考試",15,5,TRUE
"20","要考研究所",10,5,TRUE
"21","計算機組織",17,5,TRUE
"22","計算機結構",13,5,TRUE
"23","開放式課程",13,5,TRUE
"24","準備考試的",13,5,TRUE
"25","準備研究所",25,5,TRUE
"26","補習班老師",10,5,TRUE
"27","一方面是",13,4,TRUE
"28","一段時間",10,4,TRUE
"29","一個禮拜",16,4,TRUE
"30","一開始就",10,4,TRUE
"31","上榜心得",10,4,TRUE
"32","上課筆記",17,4,TRUE
"33","上課講義",29,4,TRUE
"34","下定決心",10,4,TRUE
"35","也不知道",18,4,TRUE
"36","千萬不要",12,4,TRUE
"37","土力基工",11,4,TRUE
"38","大家可以",10,4,TRUE
"39","大家參考",12,4,TRUE
"40","大部分的",14,4,TRUE
"41","大概就是",13,4,TRUE
"42","大資工所",10,4,TRUE
"43","大電機丙",11,4,TRUE
"44","不少時間",13,4,TRUE
"45","不要放棄",12,4,TRUE
"46","不過因為",12,4,TRUE
"47","中國哲學",12,4,TRUE
"48","今年台大",28,4,TRUE
"49","分享一下",10,4,TRUE
"50","化動化熱",11,4,TRUE
"51","心得分享",11,4,TRUE
"52","文學理論",21,4,TRUE
"53","月的時候",12,4,TRUE
"54","比較重要",10,4,TRUE
"55","比較容易",10,4,TRUE
"56","可以直接",10,4,TRUE
"57","可以參考",14,4,TRUE
"58","可以幫助",11,4,TRUE
"59","台大資工",37,4,TRUE
"60","台大電機",27,4,TRUE
"61","台大機械",10,4,TRUE
"62","台清交成",12,4,TRUE
"63","台灣文學",10,4,TRUE
"64","正取心得",23,4,TRUE
"65","正取最低",12,4,TRUE
"66","刑法分則",17,4,TRUE
"67","刑法總則",18,4,TRUE
"68","名詞解釋",15,4,TRUE
"69","因為自己",13,4,TRUE
"70","因為我的",11,4,TRUE
"71","在校成績",12,4,TRUE
"72","在準備的",14,4,TRUE
"73","在圖書館",14,4,TRUE
"74","多時間在",11,4,TRUE
"75","如果沒有",11,4,TRUE
"76","如果真的",12,4,TRUE
"77","成大電機",22,4,TRUE
"78","有時候會",11,4,TRUE
"79","有幫助的",10,4,TRUE
"80","老師上課",30,4,TRUE
"81","老師的書",17,4,TRUE
"82","老師的課",24,4,TRUE
"83","考上台大",10,4,TRUE
"84","考古題的",21,4,TRUE
"85","考前一個",11,4,TRUE
"86","考研究所",30,4,TRUE
"87","考試成績",13,4,TRUE
"88","考試期間",10,4,TRUE
"89","自己整理",10,4,TRUE
"90","自我介紹",30,4,TRUE
"91","自動控制",18,4,TRUE
"92","作業系統",35,4,TRUE
"93","告訴自己",11,4,TRUE
"94","宋明理學",12,4,TRUE
"95","我自己是",24,4,TRUE
"96","我的讀書",10,4,TRUE
"97","我個人是",11,4,TRUE
"98","我覺得這",21,4,TRUE
"99","每個禮拜",12,4,TRUE
"100","決定要考",11,4,TRUE
"101","沒有什麼",11,4,TRUE
"102","沒有補習",10,4,TRUE
"103","事訴訟法",13,4,TRUE
"104","到不會的",11,4,TRUE
"105","到最後一",10,4,TRUE
"106","念書時間",15,4,TRUE
"107","所以如果",14,4,TRUE
"108","所以後來",10,4,TRUE
"109","爭點整理",11,4,TRUE
"110","的心得文",29,4,TRUE
"111","的考古題",33,4,TRUE
"112","的時候我",14,4,TRUE
"113","的時候就",17,4,TRUE
"114","的部分我",12,4,TRUE
"115","的準備方",10,4,TRUE
"116","的話可以",10,4,TRUE
"117","的過程中",12,4,TRUE
"118","的演算法",11,4,TRUE
"119","的學弟妹",28,4,TRUE
"120","的題目都",17,4,TRUE
"121","的題庫班",11,4,TRUE
"122","知道自己",20,4,TRUE
"123","非常感謝",10,4,TRUE
"124","建議大家",16,4,TRUE
"125","很多東西",10,4,TRUE
"126","很多時間",20,4,TRUE
"127","指導教授",13,4,TRUE
"128","是我覺得",12,4,TRUE
"129","相關課程",10,4,TRUE
"130","看到題目",10,4,TRUE
"131","研究方法",13,4,TRUE
"132","研究所的",21,4,TRUE
"133","重要的一",12,4,TRUE
"134","重要的是",26,4,TRUE
"135","重點就是",10,4,TRUE
"136","個人認為",17,4,TRUE
"137","個人覺得",25,4,TRUE
"138","拿到考卷",10,4,TRUE
"139","時間不夠",11,4,TRUE
"140","時間分配",14,4,TRUE
"141","時間準備",12,4,TRUE
"142","浪費時間",12,4,TRUE
"143","真的非常",10,4,TRUE
"144","高成老師",17,4,TRUE
"145","做考古題",13,4,TRUE
"146","國際關係",16,4,TRUE
"147","基本上就",11,4,TRUE
"148","專業科目",27,4,TRUE
"149","強烈建議",11,4,TRUE
"150","從頭到尾",10,4,TRUE
"151","排列組合",10,4,TRUE
"152","清大資工",11,4,TRUE
"153","習的時候",12,4,TRUE
"154","這段時間",35,4,TRUE
"155","這段期間",15,4,TRUE
"156","這個科目",12,4,TRUE
"157","這個時候",22,4,TRUE
"158","這個階段",16,4,TRUE
"159","單操輸送",18,4,TRUE
"160","幾乎沒有",17,4,TRUE
"161","幾乎都是",18,4,TRUE
"162","暑假開始",10,4,TRUE
"163","最低正取",13,4,TRUE
"164","最低錄取",20,4,TRUE
"165","最後還是",12,4,TRUE
"166","最重要的",33,4,TRUE
"167","發現自己",16,4,TRUE
"168","開始準備",37,4,TRUE
"169","開始補習",11,4,TRUE
"170","會比較好",10,4,TRUE
"171","準備心得",11,4,TRUE
"172","準備方式",15,4,TRUE
"173","準備方法",23,4,TRUE
"174","準備考試",35,4,TRUE
"175","準備的時",11,4,TRUE
"176","準備時間",15,4,TRUE
"177","準備過程",21,4,TRUE
"178","補習班的",25,4,TRUE
"179","資料結構",30,4,TRUE
"180","對我而言",10,4,TRUE
"181","對我來說",23,4,TRUE
"182","演算法的",13,4,TRUE
"183","寫考古題",36,4,TRUE
"184","線性代數",45,4,TRUE
"185","適合自己",12,4,TRUE
"186","學弟妹們",12,4,TRUE
"187","謝謝大家",10,4,TRUE
"188","謝謝你們",10,4,TRUE
"189","離散數學",17,4,TRUE
"190","題的時候",11,4,TRUE
"191","題庫班的",14,4,TRUE
"192","覺得自己",42,4,TRUE
"193","覺得這科",10,4,TRUE
"194","讀書方法",11,4,TRUE
"195","讀書計畫",22,4,TRUE
"196","讀書時間",13,4,TRUE
"197","一定不",10,3,TRUE
"198","一定的",13,3,TRUE
"199","一定是",10,3,TRUE
"200","一定要",127,3,TRUE
"201","一定會",46,3,TRUE
"202","一直到",12,3,TRUE
"203","一個人",22,3,TRUE
"204","一個小",11,3,TRUE
"205","一個月",35,3,TRUE
"206","一堂課",11,3,TRUE
"207","一開始",64,3,TRUE
"208","一階段",10,3,TRUE
"209","一路上",10,3,TRUE
"210","一樣的",31,3,TRUE
"211","一樣是",10,3,TRUE
"212","一點點",12,3,TRUE
"213","一題都",13,3,TRUE
"214","了一些",12,3,TRUE
"215","了一個",10,3,TRUE
"216","了不少",10,3,TRUE
"217","了什麼",11,3,TRUE
"218","了台大",11,3,TRUE
"219","了很多",32,3,TRUE
"220","了許多",15,3,TRUE
"221","人可以",11,3,TRUE
"222","十二月",14,3,TRUE
"223","十分鐘",11,3,TRUE
"224","上台大",12,3,TRUE
"225","上就是",13,3,TRUE
"226","上課的",33,3,TRUE
"227","上課時",17,3,TRUE
"228","上題庫",10,3,TRUE
"229","下自己",10,3,TRUE
"230","下來的",10,3,TRUE
"231","也不用",10,3,TRUE
"232","也不是",11,3,TRUE
"233","也不要",16,3,TRUE
"234","也不會",26,3,TRUE
"235","也比較",11,3,TRUE
"236","也可以",43,3,TRUE
"237","也因為",11,3,TRUE
"238","也希望",13,3,TRUE
"239","也沒有",43,3,TRUE
"240","也是一",12,3,TRUE
"241","也是很",10,3,TRUE
"242","也就是",16,3,TRUE
"243","大三上",10,3,TRUE
"244","大三下",20,3,TRUE
"245","大工工",11,3,TRUE
"246","大工科",15,3,TRUE
"247","大公法",14,3,TRUE
"248","大四上",13,3,TRUE
"249","大刑法",10,3,TRUE
"250","大多數",10,3,TRUE
"251","大法官",10,3,TRUE
"252","大的話",10,3,TRUE
"253","大家一",13,3,TRUE
"254","大家好",10,3,TRUE
"255","大家的",18,3,TRUE
"256","大家都",43,3,TRUE
"257","大部分",22,3,TRUE
"258","大量的",10,3,TRUE
"259","大概在",10,3,TRUE
"260","大概是",28,3,TRUE
"261","大概就",11,3,TRUE
"262","大經研",10,3,TRUE
"263","大資工",10,3,TRUE
"264","大電子",10,3,TRUE
"265","大網媒",10,3,TRUE
"266","大機械",13,3,TRUE
"267","女朋友",23,3,TRUE
"268","工所的",13,3,TRUE
"269","工數的",17,3,TRUE
"270","才不會",10,3,TRUE
"271","才發現",17,3,TRUE
"272","才開始",51,3,TRUE
"273","不一定",31,3,TRUE
"274","不一樣",27,3,TRUE
"275","不下去",12,3,TRUE
"276","不太會",11,3,TRUE
"277","不太懂",10,3,TRUE
"278","不代表",10,3,TRUE
"279","不出來",24,3,TRUE
"280","不可能",25,3,TRUE
"281","不同的",16,3,TRUE
"282","不知道",82,3,TRUE
"283","不是我",10,3,TRUE
"284","不是很",25,3,TRUE
"285","不要太",11,3,TRUE
"286","不容易",13,3,TRUE
"287","不得不",11,3,TRUE
"288","不清楚",11,3,TRUE
"289","不喜歡",11,3,TRUE
"290","不然就",10,3,TRUE
"291","不會上",11,3,TRUE
"292","不會有",18,3,TRUE
"293","不會考",20,3,TRUE
"294","不會的",22,3,TRUE
"295","不會寫",19,3,TRUE
"296","不過我",30,3,TRUE
"297","不過這",18,3,TRUE
"298","不需要",18,3,TRUE
"299","不錯的",20,3,TRUE
"300","不懂的",24,3,TRUE
"301","中文系",15,3,TRUE
"302","中文所",13,3,TRUE
"303","中央資",10,3,TRUE
"304","之後再",10,3,TRUE
"305","之後的",16,3,TRUE
"306","之後就",12,3,TRUE
"307","之類的",42,3,TRUE
"308","什麼的",13,3,TRUE
"309","什麼都",13,3,TRUE
"310","今年考",20,3,TRUE
"311","分享給",13,3,TRUE
"312","分散式",11,3,TRUE
"313","化工所",11,3,TRUE
"314","太多了",18,3,TRUE
"315","尤其是",35,3,TRUE
"316","心得文",48,3,TRUE
"317","文字學",14,3,TRUE
"318","文學史",49,3,TRUE
"319","文學的",12,3,TRUE
"320","方法是",13,3,TRUE
"321","月左右",13,3,TRUE
"322","月開始",20,3,TRUE
"323","比較不",21,3,TRUE
"324","比較少",14,3,TRUE
"325","比較多",19,3,TRUE
"326","比較好",29,3,TRUE
"327","比較有",23,3,TRUE
"328","比較偏",11,3,TRUE
"329","比較難",10,3,TRUE
"330","王老師",10,3,TRUE
"331","王皇玉",10,3,TRUE
"332","主要是",32,3,TRUE
"333","他們的",24,3,TRUE
"334","以不用",10,3,TRUE
"335","以自己",10,3,TRUE
"336","以開始",14,3,TRUE
"337","出自己",13,3,TRUE
"338","出來了",13,3,TRUE
"339","出來的",25,3,TRUE
"340","出題方",12,3,TRUE
"341","另外我",16,3,TRUE
"342","只要有",10,3,TRUE
"343","只能說",11,3,TRUE
"344","可以上",13,3,TRUE
"345","可以不",15,3,TRUE
"346","可以去",15,3,TRUE
"347","可以用",16,3,TRUE
"348","可以在",13,3,TRUE
"349","可以多",12,3,TRUE
"350","可以考",16,3,TRUE
"351","可以找",10,3,TRUE
"352","可以把",16,3,TRUE
"353","可以放",13,3,TRUE
"354","可以的",11,3,TRUE
"355","可以很",10,3,TRUE
"356","可以看",21,3,TRUE
"357","可以拿",17,3,TRUE
"358","可以開",10,3,TRUE
"359","可以說",14,3,TRUE
"360","可以讓",17,3,TRUE
"361","可能有",11,3,TRUE
"362","可能是",21,3,TRUE
"363","可能就",12,3,TRUE
"364","可能會",27,3,TRUE
"365","台大工",15,3,TRUE
"366","台大考",15,3,TRUE
"367","台大的",61,3,TRUE
"368","台大就",13,3,TRUE
"369","台文所",15,3,TRUE
"370","台聯大",17,3,TRUE
"371","外交史",11,3,TRUE
"372","未來的",11,3,TRUE
"373","本科系",12,3,TRUE
"374","正課班",12,3,TRUE
"375","由於我",10,3,TRUE
"376","交大資",17,3,TRUE
"377","交大電",24,3,TRUE
"378","先生的",10,3,TRUE
"379","全沒有",10,3,TRUE
"380","全部看",11,3,TRUE
"381","全部都",14,3,TRUE
"382","再來就",10,3,TRUE
"383","刑法組",14,3,TRUE
"384","同時也",10,3,TRUE
"385","因為大",14,3,TRUE
"386","因為太",11,3,TRUE
"387","因為他",11,3,TRUE
"388","因為有",20,3,TRUE
"389","因為你",11,3,TRUE
"390","因為我",64,3,TRUE
"391","因為沒",11,3,TRUE
"392","因為很",10,3,TRUE
"393","因為這",15,3,TRUE
"394","在一起",10,3,TRUE
"395","在考前",24,3,TRUE
"396","在考場",11,3,TRUE
"397","在考試",24,3,TRUE
"398","在哪裡",12,3,TRUE
"399","在這段",11,3,TRUE
"400","在這個",21,3,TRUE
"401","在這裡",16,3,TRUE
"402","在暑假",14,3,TRUE
"403","在準備",23,3,TRUE
"404","在裡面",10,3,TRUE
"405","在學校",15,3,TRUE
"406","在讀書",10,3,TRUE
"407","多時間",24,3,TRUE
"408","多題目",12,3,TRUE
"409","好好把",13,3,TRUE
"410","好把握",10,3,TRUE
"411","如果有",37,3,TRUE
"412","如果你",42,3,TRUE
"413","如果我",12,3,TRUE
"414","如果是",21,3,TRUE
"415","如果要",11,3,TRUE
"416","年考試",12,3,TRUE
"417","年的考",12,3,TRUE
"418","成大的",18,3,TRUE
"419","成大資",11,3,TRUE
"420","成績單",14,3,TRUE
"421","有一些",19,3,TRUE
"422","有一定",15,3,TRUE
"423","有一個",26,3,TRUE
"424","有什麼",19,3,TRUE
"425","有可能",24,3,TRUE
"426","有用的",14,3,TRUE
"427","有任何",16,3,TRUE
"428","有自己",16,3,TRUE
"429","有把握",11,3,TRUE
"430","有沒有",45,3,TRUE
"431","有些人",15,3,TRUE
"432","有很多",41,3,TRUE
"433","有效率",14,3,TRUE
"434","有時候",26,3,TRUE
"435","有時間",35,3,TRUE
"436","有特別",16,3,TRUE
"437","有問題",28,3,TRUE
"438","有提到",10,3,TRUE
"439","有準備",21,3,TRUE
"440","有補習",18,3,TRUE
"441","有認真",11,3,TRUE
"442","有複習",10,3,TRUE
"443","有趣的",13,3,TRUE
"444","有機會",23,3,TRUE
"445","有興趣",27,3,TRUE
"446","有辦法",17,3,TRUE
"447","有幫助",34,3,TRUE
"448","有關的",12,3,TRUE
"449","老師也",13,3,TRUE
"450","老師出",10,3,TRUE
"451","老師在",10,3,TRUE
"452","老師有",10,3,TRUE
"453","老師的",140,3,TRUE
"454","老師是",12,3,TRUE
"455","老師們",18,3,TRUE
"456","老師都",17,3,TRUE
"457","老師會",12,3,TRUE
"458","老師說",11,3,TRUE
"459","老師講",10,3,TRUE
"460","老實說",10,3,TRUE
"461","考上的",14,3,TRUE
"462","考什麼",10,3,TRUE
"463","考出來",28,3,TRUE
"464","考古題",142,3,TRUE
"465","考台大",27,3,TRUE
"466","考成大",11,3,TRUE
"467","考前一",14,3,TRUE
"468","考研的",10,3,TRUE
"469","考清大",10,3,TRUE
"470","考場上",15,3,TRUE
"471","考試的",48,3,TRUE
"472","考試前",32,3,TRUE
"473","考試時",45,3,TRUE
"474","考試當",11,3,TRUE
"475","考資工",15,3,TRUE
"476","而不是",12,3,TRUE
"477","而且我",12,3,TRUE
"478","自己一",15,3,TRUE
"479","自己也",14,3,TRUE
"480","自己不",21,3,TRUE
"481","自己在",20,3,TRUE
"482","自己有",30,3,TRUE
"483","自己沒",14,3,TRUE
"484","自己念",11,3,TRUE
"485","自己的",166,3,TRUE
"486","自己是",21,3,TRUE
"487","自己看",20,3,TRUE
"488","自己要",15,3,TRUE
"489","自己能",15,3,TRUE
"490","自己想",19,3,TRUE
"491","自己會",15,3,TRUE
"492","自己讀",14,3,TRUE
"493","行政法",72,3,TRUE
"494","但其實",16,3,TRUE
"495","但後來",11,3,TRUE
"496","但是我",34,3,TRUE
"497","但還是",26,3,TRUE
"498","位老師",11,3,TRUE
"499","位教授",10,3,TRUE
"500","你可以",15,3,TRUE
"501","你真的",12,3,TRUE
"502","你覺得",14,3,TRUE
"503","別人的",11,3,TRUE
"504","努力的",10,3,TRUE
"505","完之後",13,3,TRUE
"506","完全不",22,3,TRUE
"507","完全沒",23,3,TRUE
"508","完整的",11,3,TRUE
"509","希望能",26,3,TRUE
"510","我一定",11,3,TRUE
"511","我一直",13,3,TRUE
"512","我一樣",10,3,TRUE
"513","我也不",14,3,TRUE
"514","我也沒",12,3,TRUE
"515","我也是",17,3,TRUE
"516","我大概",15,3,TRUE
"517","我已經",14,3,TRUE
"518","我不會",12,3,TRUE
"519","我比較",10,3,TRUE
"520","我主要",10,3,TRUE
"521","我只有",13,3,TRUE
"522","我只能",12,3,TRUE
"523","我可以",12,3,TRUE
"524","我考試",11,3,TRUE
"525","我自己",66,3,TRUE
"526","我完全",11,3,TRUE
"527","我沒有",33,3,TRUE
"528","我其實",11,3,TRUE
"529","我知道",12,3,TRUE
"530","我建議",12,3,TRUE
"531","我個人",23,3,TRUE
"532","我真的",27,3,TRUE
"533","我就是",21,3,TRUE
"534","我幾乎",15,3,TRUE
"535","我發現",10,3,TRUE
"536","我開始",12,3,TRUE
"537","我準備",26,3,TRUE
"538","我當時",11,3,TRUE
"539","我認為",55,3,TRUE
"540","我應該",10,3,TRUE
"541","我還是",27,3,TRUE
"542","我覺得",190,3,TRUE
"543","找工作",10,3,TRUE
"544","找教授",20,3,TRUE
"545","抄筆記",12,3,TRUE
"546","把自己",23,3,TRUE
"547","把所有",12,3,TRUE
"548","投影片",14,3,TRUE
"549","更多的",14,3,TRUE
"550","更重要",10,3,TRUE
"551","李老師",10,3,TRUE
"552","李淑明",14,3,TRUE
"553","每一科",11,3,TRUE
"554","每一個",13,3,TRUE
"555","每一題",13,3,TRUE
"556","每天都",24,3,TRUE
"557","每個人",31,3,TRUE
"558","決定要",11,3,TRUE
"559","沒什麼",44,3,TRUE
"560","沒有人",11,3,TRUE
"561","沒有上",12,3,TRUE
"562","沒有在",11,3,TRUE
"563","沒有考",11,3,TRUE
"564","沒有很",14,3,TRUE
"565","沒有看",14,3,TRUE
"566","沒有做",12,3,TRUE
"567","沒有讀",10,3,TRUE
"568","沒考上",11,3,TRUE
"569","沒那麼",10,3,TRUE
"570","沒看過",13,3,TRUE
"571","沒時間",16,3,TRUE
"572","沒想到",13,3,TRUE
"573","沒補習",15,3,TRUE
"574","沒辦法",16,3,TRUE
"575","沒關係",16,3,TRUE
"576","男教授",10,3,TRUE
"577","系統的",11,3,TRUE
"578","身分法",19,3,TRUE
"579","那時候",29,3,TRUE
"580","那麼多",15,3,TRUE
"581","並不是",17,3,TRUE
"582","並沒有",22,3,TRUE
"583","事實上",11,3,TRUE
"584","些東西",12,3,TRUE
"585","些題目",21,3,TRUE
"586","來不及",12,3,TRUE
"587","來就是",17,3,TRUE
"588","兩個月",12,3,TRUE
"589","其實也",10,3,TRUE
"590","其實不",11,3,TRUE
"591","其實我",38,3,TRUE
"592","其實沒",14,3,TRUE
"593","其實很",16,3,TRUE
"594","其實是",13,3,TRUE
"595","其實就",11,3,TRUE
"596","到一個",15,3,TRUE
"597","到什麼",17,3,TRUE
"598","到考前",19,3,TRUE
"599","到考試",17,3,TRUE
"600","到自己",24,3,TRUE
"601","到很多",14,3,TRUE
"602","到後來",11,3,TRUE
"603","到後面",17,3,TRUE
"604","到晚上",16,3,TRUE
"605","到現在",11,3,TRUE
"606","到許多",10,3,TRUE
"607","到最後",28,3,TRUE
"608","念書的",22,3,TRUE
"609","所心得",11,3,TRUE
"610","所以一",11,3,TRUE
"611","所以也",15,3,TRUE
"612","所以不",19,3,TRUE
"613","所以只",12,3,TRUE
"614","所以在",20,3,TRUE
"615","所以我",96,3,TRUE
"616","所以沒",14,3,TRUE
"617","所以這",21,3,TRUE
"618","所以就",18,3,TRUE
"619","所以還",10,3,TRUE
"620","所的人",10,3,TRUE
"621","所的考",11,3,TRUE
"622","所的學",10,3,TRUE
"623","放棄了",10,3,TRUE
"624","朋友的",15,3,TRUE
"625","朋友們",11,3,TRUE
"626","板上的",10,3,TRUE
"627","林立宇",25,3,TRUE
"628","林鈺雄",12,3,TRUE
"629","法就是",11,3,TRUE
"630","版上的",10,3,TRUE
"631","的一科",26,3,TRUE
"632","的工作",12,3,TRUE
"633","的工數",16,3,TRUE
"634","的不是",12,3,TRUE
"635","的內容",61,3,TRUE
"636","的公式",11,3,TRUE
"637","的分數",25,3,TRUE
"638","的心得",46,3,TRUE
"639","的心態",26,3,TRUE
"640","的支持",16,3,TRUE
"641","的文章",49,3,TRUE
"642","的文學",16,3,TRUE
"643","的方向",12,3,TRUE
"644","的方式",58,3,TRUE
"645","的方法",45,3,TRUE
"646","的日子",10,3,TRUE
"647","的比較",19,3,TRUE
"648","的出題",10,3,TRUE
"649","的生活",11,3,TRUE
"650","的目標",18,3,TRUE
"651","的同學",36,3,TRUE
"652","的地方",60,3,TRUE
"653","的成績",22,3,TRUE
"654","的老師",42,3,TRUE
"655","的考生",17,3,TRUE
"656","的考試",19,3,TRUE
"657","的考題",27,3,TRUE
"658","的作業",11,3,TRUE
"659","的努力",15,3,TRUE
"660","的技巧",10,3,TRUE
"661","的沒有",10,3,TRUE
"662","的見解",16,3,TRUE
"663","的事情",23,3,TRUE
"664","的例子",14,3,TRUE
"665","的念書",13,3,TRUE
"666","的所有",12,3,TRUE
"667","的朋友",36,3,TRUE
"668","的東西",116,3,TRUE
"669","的狀態",12,3,TRUE
"670","的非常",11,3,TRUE
"671","的建議",18,3,TRUE
"672","的思考",12,3,TRUE
"673","的架構",12,3,TRUE
"674","的看法",10,3,TRUE
"675","的研究",35,3,TRUE
"676","的科目",50,3,TRUE
"677","的英文",10,3,TRUE
"678","的計算",13,3,TRUE
"679","的重要",15,3,TRUE
"680","的重點",44,3,TRUE
"681","的原因",12,3,TRUE
"682","的時候",172,3,TRUE
"683","的時間",104,3,TRUE
"684","的能力",20,3,TRUE
"685","的脈絡",12,3,TRUE
"686","的動力",10,3,TRUE
"687","的參考",10,3,TRUE
"688","的問題",72,3,TRUE
"689","的基本",17,3,TRUE
"690","的基礎",29,3,TRUE
"691","的情況",28,3,TRUE
"692","的教授",17,3,TRUE
"693","的理論",17,3,TRUE
"694","的章節",23,3,TRUE
"695","的第一",14,3,TRUE
"696","的統計",11,3,TRUE
"697","的部分",127,3,TRUE
"698","的部份",27,3,TRUE
"699","的都是",12,3,TRUE
"700","的就是",26,3,TRUE
"701","的最後",12,3,TRUE
"702","的程度",16,3,TRUE
"703","的筆記",67,3,TRUE
"704","的答案",11,3,TRUE
"705","的結果",18,3,TRUE
"706","的超級",10,3,TRUE
"707","的進度",34,3,TRUE
"708","的想法",33,3,TRUE
"709","的感覺",63,3,TRUE
"710","的概念",42,3,TRUE
"711","的準備",37,3,TRUE
"712","的經驗",22,3,TRUE
"713","的解題",14,3,TRUE
"714","的解釋",12,3,TRUE
"715","的話我",10,3,TRUE
"716","的話就",14,3,TRUE
"717","的過程",22,3,TRUE
"718","的鼓勵",10,3,TRUE
"719","的領域",15,3,TRUE
"720","的範圍",12,3,TRUE
"721","的練習",10,3,TRUE
"722","的課本",11,3,TRUE
"723","的課程",25,3,TRUE
"724","的論文",16,3,TRUE
"725","的學生",23,3,TRUE
"726","的學長",11,3,TRUE
"727","的學校",37,3,TRUE
"728","的戰友",16,3,TRUE
"729","的整理",10,3,TRUE
"730","的機會",12,3,TRUE
"731","的選擇",12,3,TRUE
"732","的壓力",12,3,TRUE
"733","的幫助",23,3,TRUE
"734","的講義",30,3,TRUE
"735","的還是",11,3,TRUE
"736","的題目",142,3,TRUE
"737","的題型",15,3,TRUE
"738","的證明",15,3,TRUE
"739","的關係",13,3,TRUE
"740","的關鍵",14,3,TRUE
"741","的讀書",23,3,TRUE
"742","的觀念",53,3,TRUE
"743","的觀點",10,3,TRUE
"744","知道你",11,3,TRUE
"745","知道的",10,3,TRUE
"746","知道怎",10,3,TRUE
"747","知道為",10,3,TRUE
"748","社會學",55,3,TRUE
"749","花時間",29,3,TRUE
"750","非常多",11,3,TRUE
"751","非常的",17,3,TRUE
"752","前一天",19,3,TRUE
"753","前面的",11,3,TRUE
"754","哈哈哈",19,3,TRUE
"755","很大的",13,3,TRUE
"756","很多人",30,3,TRUE
"757","很多題",11,3,TRUE
"758","很有用",10,3,TRUE
"759","很幸運",12,3,TRUE
"760","很重要",48,3,TRUE
"761","很容易",26,3,TRUE
"762","很喜歡",21,3,TRUE
"763","很痛苦",16,3,TRUE
"764","很開心",10,3,TRUE
"765","很感謝",14,3,TRUE
"766","很認真",15,3,TRUE
"767","很簡單",13,3,TRUE
"768","後面的",16,3,TRUE
"769","後就是",11,3,TRUE
"770","後殖民",10,3,TRUE
"771","後覺得",10,3,TRUE
"772","思想史",41,3,TRUE
"773","政大的",14,3,TRUE
"774","政治學",20,3,TRUE
"775","春季班",13,3,TRUE
"776","是一直",11,3,TRUE
"777","是一個",17,3,TRUE
"778","是一樣",15,3,TRUE
"779","是不是",22,3,TRUE
"780","是不會",15,3,TRUE
"781","是什麼",24,3,TRUE
"782","是今年",11,3,TRUE
"783","是比較",18,3,TRUE
"784","是可以",29,3,TRUE
"785","是台大",14,3,TRUE
"786","是因為",53,3,TRUE
"787","是自己",29,3,TRUE
"788","是你的",11,3,TRUE
"789","是希望",10,3,TRUE
"790","是我的",22,3,TRUE
"791","是沒有",21,3,TRUE
"792","是非常",33,3,TRUE
"793","是為了",18,3,TRUE
"794","是重點",14,3,TRUE
"795","是真的",21,3,TRUE
"796","是基本",10,3,TRUE
"797","是這樣",21,3,TRUE
"798","是需要",13,3,TRUE
"799","是覺得",18,3,TRUE
"800","洪紹華",12,3,TRUE
"801","為什麼",44,3,TRUE
"802","為自己",11,3,TRUE
"803","相關的",31,3,TRUE
"804","看一下",12,3,TRUE
"805","看不懂",24,3,TRUE
"806","看文章",10,3,TRUE
"807","看考古",11,3,TRUE
"808","看完了",10,3,TRUE
"809","看起來",10,3,TRUE
"810","看得懂",10,3,TRUE
"811","看過的",14,3,TRUE
"812","研究所",60,3,TRUE
"813","研究的",15,3,TRUE
"814","研究計",12,3,TRUE
"815","科準備",11,3,TRUE
"816","背起來",10,3,TRUE
"817","要不要",20,3,TRUE
"818","要好好",16,3,TRUE
"819","要考的",14,3,TRUE
"820","要考試",17,3,TRUE
"821","要自己",18,3,TRUE
"822","要注意",20,3,TRUE
"823","要知道",14,3,TRUE
"824","要怎麼",12,3,TRUE
"825","要就是",10,3,TRUE
"826","要感謝",15,3,TRUE
"827","要準備",20,3,TRUE
"828","要複習",11,3,TRUE
"829","計算機",14,3,TRUE
"830","計算題",14,3,TRUE
"831","重要的",27,3,TRUE
"832","重點在",10,3,TRUE
"833","重點是",17,3,TRUE
"834","個人的",15,3,TRUE
"835","個小時",34,3,TRUE
"836","個月的",10,3,TRUE
"837","個比較",10,3,TRUE
"838","個多月",10,3,TRUE
"839","個老師",13,3,TRUE
"840","個研究",11,3,TRUE
"841","個時期",11,3,TRUE
"842","個問題",15,3,TRUE
"843","個教授",13,3,TRUE
"844","個章節",25,3,TRUE
"845","個禮拜",15,3,TRUE
"846","個觀念",12,3,TRUE
"847","剛開始",17,3,TRUE
"848","原文書",63,3,TRUE
"849","容易忘",11,3,TRUE
"850","差不多",57,3,TRUE
"851","差很多",10,3,TRUE
"852","恐龍本",10,3,TRUE
"853","拿出來",17,3,TRUE
"854","時可以",10,3,TRUE
"855","時候也",12,3,TRUE
"856","時候才",10,3,TRUE
"857","時候我",14,3,TRUE
"858","時候開",12,3,TRUE
"859","時候還",11,3,TRUE
"860","時間了",12,3,TRUE
"861","時間大",10,3,TRUE
"862","時間不",13,3,TRUE
"863","時間內",13,3,TRUE
"864","時間比",10,3,TRUE
"865","時間去",14,3,TRUE
"866","時間在",11,3,TRUE
"867","時間有",10,3,TRUE
"868","時間的",28,3,TRUE
"869","時間看",13,3,TRUE
"870","時間都",14,3,TRUE
"871","時間就",16,3,TRUE
"872","書的時",13,3,TRUE
"873","書桌前",10,3,TRUE
"874","根本不",11,3,TRUE
"875","根本沒",15,3,TRUE
"876","益良多",12,3,TRUE
"877","真的不",42,3,TRUE
"878","真的有",11,3,TRUE
"879","真的沒",19,3,TRUE
"880","真的很",89,3,TRUE
"881","真的是",55,3,TRUE
"882","真的要",14,3,TRUE
"883","真的就",11,3,TRUE
"884","真的超",10,3,TRUE
"885","真的會",12,3,TRUE
"886","站內信",13,3,TRUE
"887","級數解",10,3,TRUE
"888","能考上",15,3,TRUE
"889","能找到",10,3,TRUE
"890","能幫助",14,3,TRUE
"891","記憶體",10,3,TRUE
"892","做什麼",11,3,TRUE
"893","做的事",13,3,TRUE
"894","做筆記",11,3,TRUE
"895","做題目",16,3,TRUE
"896","參考書",41,3,TRUE
"897","商事法",10,3,TRUE
"898","問問題",18,3,TRUE
"899","問題的",24,3,TRUE
"900","問題都",10,3,TRUE
"901","問題就",12,3,TRUE
"902","國發所",10,3,TRUE
"903","基本上",61,3,TRUE
"904","基本分",14,3,TRUE
"905","基本的",28,3,TRUE
"906","基本題",27,3,TRUE
"907","常考的",12,3,TRUE
"908","得比較",12,3,TRUE
"909","得出來",10,3,TRUE
"910","得可以",10,3,TRUE
"911","得非常",20,3,TRUE
"912","得很好",14,3,TRUE
"913","情況下",11,3,TRUE
"914","接下來",18,3,TRUE
"915","推甄的",11,3,TRUE
"916","推薦度",12,3,TRUE
"917","教科書",21,3,TRUE
"918","教授的",34,3,TRUE
"919","教授們",14,3,TRUE
"920","現代性",13,3,TRUE
"921","理想的",15,3,TRUE
"922","理解的",10,3,TRUE
"923","理論的",20,3,TRUE
"924","理論與",12,3,TRUE
"925","畢業的",10,3,TRUE
"926","章節的",13,3,TRUE
"927","第一次",48,3,TRUE
"928","第一章",10,3,TRUE
"929","第一遍",16,3,TRUE
"930","第一題",21,3,TRUE
"931","第二次",12,3,TRUE
"932","組正取",14,3,TRUE
"933","統計學",12,3,TRUE
"934","這一年",15,3,TRUE
"935","這也是",12,3,TRUE
"936","這方面",11,3,TRUE
"937","這半年",14,3,TRUE
"938","這本書",32,3,TRUE
"939","這兩個",11,3,TRUE
"940","這是一",10,3,TRUE
"941","這是我",13,3,TRUE
"942","這科我",19,3,TRUE
"943","這科是",12,3,TRUE
"944","這個時",15,3,TRUE
"945","這時候",42,3,TRUE
"946","這條路",15,3,TRUE
"947","這部分",27,3,TRUE
"948","這麼多",12,3,TRUE
"949","這樣的",26,3,TRUE
"950","這篇文",17,3,TRUE
"951","部分就",14,3,TRUE
"952","都不會",20,3,TRUE
"953","都可以",26,3,TRUE
"954","都沒有",37,3,TRUE
"955","都是一",10,3,TRUE
"956","都是在",11,3,TRUE
"957","都會有",12,3,TRUE
"958","都覺得",11,3,TRUE
"959","陳芳明",10,3,TRUE
"960","傅立葉",15,3,TRUE
"961","剩下的",14,3,TRUE
"962","喜歡考",11,3,TRUE
"963","喜歡的",19,3,TRUE
"964","喻超凡",14,3,TRUE
"965","就不要",10,3,TRUE
"966","就可以",46,3,TRUE
"967","就好了",13,3,TRUE
"968","就決定",11,3,TRUE
"969","就沒有",14,3,TRUE
"970","就直接",15,3,TRUE
"971","就知道",16,3,TRUE
"972","就是一",19,3,TRUE
"973","就是我",10,3,TRUE
"974","就是把",27,3,TRUE
"975","就是要",24,3,TRUE
"976","就是這",10,3,TRUE
"977","就這樣",10,3,TRUE
"978","就開始",30,3,TRUE
"979","就會發",10,3,TRUE
"980","就對了",11,3,TRUE
"981","幾乎每",15,3,TRUE
"982","幾乎沒",12,3,TRUE
"983","幾乎是",11,3,TRUE
"984","幾乎都",19,3,TRUE
"985","提到的",12,3,TRUE
"986","暑假的",15,3,TRUE
"987","暑假前",11,3,TRUE
"988","暑期班",11,3,TRUE
"989","最大的",10,3,TRUE
"990","最好的",13,3,TRUE
"991","最後一",39,3,TRUE
"992","最後我",10,3,TRUE
"993","最後的",16,3,TRUE
"994","最重要",10,3,TRUE
"995","期末考",10,3,TRUE
"996","然後再",10,3,TRUE
"997","然後我",19,3,TRUE
"998","然後就",11,3,TRUE
"999","短時間",10,3,TRUE
"1000","絕對不",19,3,TRUE
"1001","絕對是",13,3,TRUE
"1002","絕對要",10,3,TRUE
"1003","給大家",23,3,TRUE
"1004","給自己",20,3,TRUE
"1005","著老師",12,3,TRUE
"1006","越來越",18,3,TRUE
"1007","進階班",11,3,TRUE
"1008","開始我",13,3,TRUE
"1009","開始看",16,3,TRUE
"1010","開始寫",22,3,TRUE
"1011","開始讀",13,3,TRUE
"1012","黃子嘉",46,3,TRUE
"1013","黃老師",17,3,TRUE
"1014","黃詩淳",11,3,TRUE
"1015","黃榮堅",10,3,TRUE
"1016","微積分",17,3,TRUE
"1017","感謝我",11,3,TRUE
"1018","會不會",12,3,TRUE
"1019","會比較",28,3,TRUE
"1020","會因為",11,3,TRUE
"1021","會有一",16,3,TRUE
"1022","會考的",11,3,TRUE
"1023","會發現",36,3,TRUE
"1024","會開始",13,3,TRUE
"1025","會寫的",16,3,TRUE
"1026","會覺得",23,3,TRUE
"1027","準備上",12,3,TRUE
"1028","準備的",41,3,TRUE
"1029","準備時",10,3,TRUE
"1030","經濟學",27,3,TRUE
"1031","補習的",19,3,TRUE
"1032","補習班",72,3,TRUE
"1033","裡面的",15,3,TRUE
"1034","解題書",49,3,TRUE
"1035","試心得",11,3,TRUE
"1036","資工所",27,3,TRUE
"1037","跟大家",10,3,TRUE
"1038","跟別人",10,3,TRUE
"1039","跟我一",13,3,TRUE
"1040","跟著老",10,3,TRUE
"1041","逼自己",10,3,TRUE
"1042","遇到不",10,3,TRUE
"1043","過一次",19,3,TRUE
"1044","過一遍",23,3,TRUE
"1045","過去的",10,3,TRUE
"1046","過我的",12,3,TRUE
"1047","過很多",11,3,TRUE
"1048","過程中",14,3,TRUE
"1049","電子電",11,3,TRUE
"1050","電子學",90,3,TRUE
"1051","電路學",13,3,TRUE
"1052","電磁學",34,3,TRUE
"1053","電機甲",12,3,TRUE
"1054","圖書館",30,3,TRUE
"1055","實在太",18,3,TRUE
"1056","實在是",11,3,TRUE
"1057","實驗室",30,3,TRUE
"1058","對自己",24,3,TRUE
"1059","演算法",71,3,TRUE
"1060","網路上",16,3,TRUE
"1061","認為這",10,3,TRUE
"1062","認真讀",11,3,TRUE
"1063","說不定",10,3,TRUE
"1064","需要的",11,3,TRUE
"1065","需要花",11,3,TRUE
"1066","領域的",17,3,TRUE
"1067","麼問題",10,3,TRUE
"1068","寫出來",24,3,TRUE
"1069","寫得很",11,3,TRUE
"1070","寫題目",28,3,TRUE
"1071","模擬考",11,3,TRUE
"1072","歐大亮",13,3,TRUE
"1073","熱力學",10,3,TRUE
"1074","篇心得",17,3,TRUE
"1075","篇文章",14,3,TRUE
"1076","線代的",12,3,TRUE
"1077","練習題",11,3,TRUE
"1078","複習一",20,3,TRUE
"1079","複習的",20,3,TRUE
"1080","課的時",13,3,TRUE
"1081","適合的",10,3,TRUE
"1082","適當的",11,3,TRUE
"1083","學弟妹",26,3,TRUE
"1084","學的部",10,3,TRUE
"1085","學長姊",11,3,TRUE
"1086","學長姐",18,3,TRUE
"1087","學校的",17,3,TRUE
"1088","戰友們",10,3,TRUE
"1089","整理一",11,3,TRUE
"1090","整理的",18,3,TRUE
"1091","歷屆考",10,3,TRUE
"1092","幫助我",10,3,TRUE
"1093","應該是",38,3,TRUE
"1094","應該要",10,3,TRUE
"1095","應該都",14,3,TRUE
"1096","應該會",11,3,TRUE
"1097","聲韻學",18,3,TRUE
"1098","謝我的",17,3,TRUE
"1099","還不錯",13,3,TRUE
"1100","還可以",15,3,TRUE
"1101","還有一",18,3,TRUE
"1102","還是不",14,3,TRUE
"1103","還是有",30,3,TRUE
"1104","還是很",12,3,TRUE
"1105","還是要",44,3,TRUE
"1106","還是會",13,3,TRUE
"1107","雖然不",10,3,TRUE
"1108","雖然有",13,3,TRUE
"1109","雖然我",24,3,TRUE
"1110","雖然是",11,3,TRUE
"1111","簡單的",27,3,TRUE
"1112","題方向",15,3,TRUE
"1113","題可以",12,3,TRUE
"1114","題目也",10,3,TRUE
"1115","題目不",14,3,TRUE
"1116","題目的",25,3,TRUE
"1117","題目都",13,3,TRUE
"1118","題目就",14,3,TRUE
"1119","題型集",21,3,TRUE
"1120","題庫班",101,3,TRUE
"1121","證明題",12,3,TRUE
"1122","類似的",10,3,TRUE
"1123","覺得不",21,3,TRUE
"1124","覺得有",13,3,TRUE
"1125","覺得考",13,3,TRUE
"1126","覺得我",18,3,TRUE
"1127","覺得沒",11,3,TRUE
"1128","覺得很",23,3,TRUE
"1129","覺得要",11,3,TRUE
"1130","覺得這",16,3,TRUE
"1131","覺得最",11,3,TRUE
"1132","聽不懂",18,3,TRUE
"1133","讀書的",25,3,TRUE
"1134","讀書會",78,3,TRUE
"1135","讀起來",10,3,TRUE
"1136","讓自己",49,3,TRUE
"1137","讓我能",10,3,TRUE
"1138","觀歸責",10,3,TRUE
"1139","一下",164,2,TRUE
"1140","一大",26,2,TRUE
"1141","一小",12,2,TRUE
"1142","一分",11,2,TRUE
"1143","一天",63,2,TRUE
"1144","一方",27,2,TRUE
"1145","一月",34,2,TRUE
"1146","一半",35,2,TRUE
"1147","一句",16,2,TRUE
"1148","一本",55,2,TRUE
"1149","一份",19,2,TRUE
"1150","一名",12,2,TRUE
"1151","一年",56,2,TRUE
"1152","一次",116,2,TRUE
"1153","一位",12,2,TRUE
"1154","一步",21,2,TRUE
"1155","一兩",28,2,TRUE
"1156","一周",16,2,TRUE
"1157","一定",15,2,TRUE
"1158","一的",11,2,TRUE
"1159","一直",107,2,TRUE
"1160","一門",11,2,TRUE
"1161","一段",12,2,TRUE
"1162","一科",41,2,TRUE
"1163","一頁",11,2,TRUE
"1164","一個",131,2,TRUE
"1165","一時",10,2,TRUE
"1166","一起",85,2,TRUE
"1167","一堂",12,2,TRUE
"1168","一堆",23,2,TRUE
"1169","一張",17,2,TRUE
"1170","一條",10,2,TRUE
"1171","一章",10,2,TRUE
"1172","一部",14,2,TRUE
"1173","一間",21,2,TRUE
"1174","一階",11,2,TRUE
"1175","一路",15,2,TRUE
"1176","一遍",89,2,TRUE
"1177","一種",24,2,TRUE
"1178","一樣",66,2,TRUE
"1179","一篇",30,2,TRUE
"1180","一輪",17,2,TRUE
"1181","一整",16,2,TRUE
"1182","一點",117,2,TRUE
"1183","一題",57,2,TRUE
"1184","一邊",15,2,TRUE
"1185","一關",10,2,TRUE
"1186","乙組",14,2,TRUE
"1187","七月",14,2,TRUE
"1188","九月",27,2,TRUE
"1189","了一",76,2,TRUE
"1190","了三",12,2,TRUE
"1191","了大",19,2,TRUE
"1192","了不",11,2,TRUE
"1193","了考",15,2,TRUE
"1194","了吧",11,2,TRUE
"1195","了我",28,2,TRUE
"1196","了兩",20,2,TRUE
"1197","了這",14,2,TRUE
"1198","了就",21,2,TRUE
"1199","了幾",11,2,TRUE
"1200","了解",47,2,TRUE
"1201","二十",15,2,TRUE
"1202","人一",27,2,TRUE
"1203","人也",12,2,TRUE
"1204","人不",14,2,TRUE
"1205","人生",24,2,TRUE
"1206","人在",20,2,TRUE
"1207","人有",10,2,TRUE
"1208","人的",50,2,TRUE
"1209","人都",35,2,TRUE
"1210","人會",22,2,TRUE
"1211","入門",11,2,TRUE
"1212","八月",11,2,TRUE
"1213","八章",12,2,TRUE
"1214","力不",14,2,TRUE
"1215","力的",28,2,TRUE
"1216","力組",10,2,TRUE
"1217","力就",11,2,TRUE
"1218","力學",30,2,TRUE
"1219","十一",12,2,TRUE
"1220","十分",26,2,TRUE
"1221","十月",14,2,TRUE
"1222","又不",13,2,TRUE
"1223","三下",18,2,TRUE
"1224","三年",18,2,TRUE
"1225","三次",18,2,TRUE
"1226","三科",19,2,TRUE
"1227","三個",22,2,TRUE
"1228","三遍",17,2,TRUE
"1229","上一",29,2,TRUE
"1230","上了",35,2,TRUE
"1231","上也",18,2,TRUE
"1232","上大",14,2,TRUE
"1233","上不",12,2,TRUE
"1234","上冊",18,2,TRUE
"1235","上去",18,2,TRUE
"1236","上有",26,2,TRUE
"1237","上考",12,2,TRUE
"1238","上自",10,2,TRUE
"1239","上完",39,2,TRUE
"1240","上我",22,2,TRUE
"1241","上沒",14,2,TRUE
"1242","上到",19,2,TRUE
"1243","上的",83,2,TRUE
"1244","上是",13,2,TRUE
"1245","上看",11,2,TRUE
"1246","上研",11,2,TRUE
"1247","上述",10,2,TRUE
"1248","上面",36,2,TRUE
"1249","上班",10,2,TRUE
"1250","上都",15,2,TRUE
"1251","上就",12,2,TRUE
"1252","上過",27,2,TRUE
"1253","上榜",50,2,TRUE
"1254","上網",14,2,TRUE
"1255","上課",102,2,TRUE
"1256","上學",11,2,TRUE
"1257","下一",17,2,TRUE
"1258","下午",22,2,TRUE
"1259","下心",11,2,TRUE
"1260","下冊",27,2,TRUE
"1261","下去",44,2,TRUE
"1262","下我",14,2,TRUE
"1263","下來",55,2,TRUE
"1264","下的",20,2,TRUE
"1265","下是",10,2,TRUE
"1266","下就",11,2,TRUE
"1267","下筆",11,2,TRUE
"1268","下載",11,2,TRUE
"1269","也一",14,2,TRUE
"1270","也不",43,2,TRUE
"1271","也只",36,2,TRUE
"1272","也在",13,2,TRUE
"1273","也有",92,2,TRUE
"1274","也沒",33,2,TRUE
"1275","也很",46,2,TRUE
"1276","也是",159,2,TRUE
"1277","也看",12,2,TRUE
"1278","也要",54,2,TRUE
"1279","也能",24,2,TRUE
"1280","也都",38,2,TRUE
"1281","也就",10,2,TRUE
"1282","也想",10,2,TRUE
"1283","也會",33,2,TRUE
"1284","千萬",12,2,TRUE
"1285","口委",10,2,TRUE
"1286","口試",36,2,TRUE
"1287","土木",14,2,TRUE
"1288","土地",11,2,TRUE
"1289","大一",53,2,TRUE
"1290","大二",46,2,TRUE
"1291","大三",44,2,TRUE
"1292","大大",27,2,TRUE
"1293","大小",10,2,TRUE
"1294","大化",11,2,TRUE
"1295","大四",33,2,TRUE
"1296","大多",29,2,TRUE
"1297","大考",22,2,TRUE
"1298","大法",14,2,TRUE
"1299","大的",40,2,TRUE
"1300","大社",10,2,TRUE
"1301","大很",10,2,TRUE
"1302","大是",14,2,TRUE
"1303","大約",45,2,TRUE
"1304","大致",28,2,TRUE
"1305","大國",19,2,TRUE
"1306","大量",17,2,TRUE
"1307","大概",148,2,TRUE
"1308","大碩",25,2,TRUE
"1309","大學",129,2,TRUE
"1310","大題",17,2,TRUE
"1311","女友",12,2,TRUE
"1312","女性",11,2,TRUE
"1313","子的",17,2,TRUE
"1314","小小",15,2,TRUE
"1315","小心",23,2,TRUE
"1316","小弟",48,2,TRUE
"1317","小妹",16,2,TRUE
"1318","小的",11,2,TRUE
"1319","小時",57,2,TRUE
"1320","小說",30,2,TRUE
"1321","小學",10,2,TRUE
"1322","工作",59,2,TRUE
"1323","工系",15,2,TRUE
"1324","工的",14,2,TRUE
"1325","工統",11,2,TRUE
"1326","工程",34,2,TRUE
"1327","工數",209,2,TRUE
"1328","已經",117,2,TRUE
"1329","才有",20,2,TRUE
"1330","才是",23,2,TRUE
"1331","才會",36,2,TRUE
"1332","不了",12,2,TRUE
"1333","不上",18,2,TRUE
"1334","不下",11,2,TRUE
"1335","不大",11,2,TRUE
"1336","不小",14,2,TRUE
"1337","不太",79,2,TRUE
"1338","不少",26,2,TRUE
"1339","不出",10,2,TRUE
"1340","不可",28,2,TRUE
"1341","不必",11,2,TRUE
"1342","不用",68,2,TRUE
"1343","不同",75,2,TRUE
"1344","不在",10,2,TRUE
"1345","不多",17,2,TRUE
"1346","不好",60,2,TRUE
"1347","不考",15,2,TRUE
"1348","不完",28,2,TRUE
"1349","不見",10,2,TRUE
"1350","不足",26,2,TRUE
"1351","不到",47,2,TRUE
"1352","不知",15,2,TRUE
"1353","不要",143,2,TRUE
"1354","不能",69,2,TRUE
"1355","不起",18,2,TRUE
"1356","不夠",27,2,TRUE
"1357","不敢",12,2,TRUE
"1358","不想",20,2,TRUE
"1359","不會",82,2,TRUE
"1360","不過",156,2,TRUE
"1361","不對",11,2,TRUE
"1362","不算",12,2,TRUE
"1363","不熟",21,2,TRUE
"1364","不論",11,2,TRUE
"1365","不適",13,2,TRUE
"1366","不錯",35,2,TRUE
"1367","不懂",18,2,TRUE
"1368","不斷",29,2,TRUE
"1369","不難",15,2,TRUE
"1370","中一",12,2,TRUE
"1371","中也",10,2,TRUE
"1372","中山",45,2,TRUE
"1373","中午",12,2,TRUE
"1374","中文",23,2,TRUE
"1375","中古",10,2,TRUE
"1376","中央",52,2,TRUE
"1377","中正",23,2,TRUE
"1378","中字",10,2,TRUE
"1379","中有",11,2,TRUE
"1380","中的",43,2,TRUE
"1381","中國",22,2,TRUE
"1382","中間",23,2,TRUE
"1383","中興",39,2,TRUE
"1384","之下",10,2,TRUE
"1385","之外",26,2,TRUE
"1386","之前",82,2,TRUE
"1387","之後",138,2,TRUE
"1388","之間",14,2,TRUE
"1389","互相",28,2,TRUE
"1390","五分",12,2,TRUE
"1391","五章",10,2,TRUE
"1392","什麼",125,2,TRUE
"1393","今天",16,2,TRUE
"1394","今年",113,2,TRUE
"1395","介紹",32,2,TRUE
"1396","元件",16,2,TRUE
"1397","內容",101,2,TRUE
"1398","公司",37,2,TRUE
"1399","公式",43,2,TRUE
"1400","公法",21,2,TRUE
"1401","公開",12,2,TRUE
"1402","六月",11,2,TRUE
"1403","六科",11,2,TRUE
"1404","六章",10,2,TRUE
"1405","分也",13,2,TRUE
"1406","分別",15,2,TRUE
"1407","分享",58,2,TRUE
"1408","分析",67,2,TRUE
"1409","分的",44,2,TRUE
"1410","分則",14,2,TRUE
"1411","分是",11,2,TRUE
"1412","分配",21,2,TRUE
"1413","分都",15,2,TRUE
"1414","分數",75,2,TRUE
"1415","分類",10,2,TRUE
"1416","分鐘",68,2,TRUE
"1417","化工",26,2,TRUE
"1418","化動",16,2,TRUE
"1419","化熱",20,2,TRUE
"1420","化學",30,2,TRUE
"1421","升大",11,2,TRUE
"1422","反正",31,2,TRUE
"1423","反應",16,2,TRUE
"1424","天大",10,2,TRUE
"1425","天念",11,2,TRUE
"1426","天的",22,2,TRUE
"1427","太大",24,2,TRUE
"1428","太多",70,2,TRUE
"1429","太好",11,2,TRUE
"1430","太難",13,2,TRUE
"1431","少了",18,2,TRUE
"1432","少人",10,2,TRUE
"1433","尤其",24,2,TRUE
"1434","心力",16,2,TRUE
"1435","心的",38,2,TRUE
"1436","心得",193,2,TRUE
"1437","心情",27,2,TRUE
"1438","心理",13,2,TRUE
"1439","心裡",11,2,TRUE
"1440","心態",37,2,TRUE
"1441","手感",14,2,TRUE
"1442","手寫",11,2,TRUE
"1443","手機",26,2,TRUE
"1444","扎實",14,2,TRUE
"1445","支持",16,2,TRUE
"1446","文化",22,2,TRUE
"1447","文本",21,2,TRUE
"1448","文字",19,2,TRUE
"1449","文系",12,2,TRUE
"1450","文的",25,2,TRUE
"1451","文章",91,2,TRUE
"1452","文組",10,2,TRUE
"1453","文學",31,2,TRUE
"1454","方向",52,2,TRUE
"1455","方式",38,2,TRUE
"1456","方法",35,2,TRUE
"1457","方便",19,2,TRUE
"1458","方面",38,2,TRUE
"1459","方程",12,2,TRUE
"1460","月才",14,2,TRUE
"1461","月中",41,2,TRUE
"1462","月初",31,2,TRUE
"1463","月到",11,2,TRUE
"1464","月底",29,2,TRUE
"1465","比我",11,2,TRUE
"1466","比例",13,2,TRUE
"1467","比政",11,2,TRUE
"1468","比起",13,2,TRUE
"1469","比較",153,2,TRUE
"1470","且不",11,2,TRUE
"1471","世界",19,2,TRUE
"1472","主要",44,2,TRUE
"1473","主義",46,2,TRUE
"1474","主管",10,2,TRUE
"1475","主題",14,2,TRUE
"1476","仔細",31,2,TRUE
"1477","他在",12,2,TRUE
"1478","他有",12,2,TRUE
"1479","他的",55,2,TRUE
"1480","他們",67,2,TRUE
"1481","他就",13,2,TRUE
"1482","代的",13,2,TRUE
"1483","代表",16,2,TRUE
"1484","代數",10,2,TRUE
"1485","以一",10,2,TRUE
"1486","以了",11,2,TRUE
"1487","以下",51,2,TRUE
"1488","以外",20,2,TRUE
"1489","以先",12,2,TRUE
"1490","以有",11,2,TRUE
"1491","以考",13,2,TRUE
"1492","以我",11,2,TRUE
"1493","以來",17,2,TRUE
"1494","以前",49,2,TRUE
"1495","以後",43,2,TRUE
"1496","以為",30,2,TRUE
"1497","以要",10,2,TRUE
"1498","以問",10,2,TRUE
"1499","以從",10,2,TRUE
"1500","以準",11,2,TRUE
"1501","以寫",14,2,TRUE
"1502","以選",12,2,TRUE
"1503","冊的",17,2,TRUE
"1504","出一",23,2,TRUE
"1505","出了",24,2,TRUE
"1506","出去",19,2,TRUE
"1507","出身",10,2,TRUE
"1508","出來",72,2,TRUE
"1509","出的",32,2,TRUE
"1510","出現",41,2,TRUE
"1511","出題",31,2,TRUE
"1512","功力",12,2,TRUE
"1513","加上",51,2,TRUE
"1514","加油",14,2,TRUE
"1515","加強",33,2,TRUE
"1516","包含",15,2,TRUE
"1517","北大",32,2,TRUE
"1518","北科",10,2,TRUE
"1519","半年",21,2,TRUE
"1520","去了",20,2,TRUE
"1521","去上",15,2,TRUE
"1522","去年",46,2,TRUE
"1523","去考",24,2,TRUE
"1524","去找",16,2,TRUE
"1525","去念",18,2,TRUE
"1526","去的",12,2,TRUE
"1527","去看",29,2,TRUE
"1528","去做",11,2,TRUE
"1529","去問",12,2,TRUE
"1530","去補",21,2,TRUE
"1531","古典",21,2,TRUE
"1532","句話",21,2,TRUE
"1533","另一",15,2,TRUE
"1534","只好",13,2,TRUE
"1535","只考",11,2,TRUE
"1536","只把",10,2,TRUE
"1537","只念",12,2,TRUE
"1538","只看",32,2,TRUE
"1539","只能",37,2,TRUE
"1540","只剩",10,2,TRUE
"1541","只會",20,2,TRUE
"1542","只寫",22,2,TRUE
"1543","只讀",17,2,TRUE
"1544","可能",91,2,TRUE
"1545","可逆",12,2,TRUE
"1546","可惜",11,2,TRUE
"1547","台大",198,2,TRUE
"1548","台文",12,2,TRUE
"1549","台政",15,2,TRUE
"1550","台科",25,2,TRUE
"1551","台聯",50,2,TRUE
"1552","台灣",70,2,TRUE
"1553","史的",12,2,TRUE
"1554","四大",22,2,TRUE
"1555","四年",14,2,TRUE
"1556","四個",13,2,TRUE
"1557","外的",15,2,TRUE
"1558","外面",12,2,TRUE
"1559","失敗",11,2,TRUE
"1560","左右",42,2,TRUE
"1561","平均",23,2,TRUE
"1562","平常",44,2,TRUE
"1563","必考",10,2,TRUE
"1564","必要",18,2,TRUE
"1565","必須",51,2,TRUE
"1566","打底",28,2,TRUE
"1567","打電",10,2,TRUE
"1568","打算",12,2,TRUE
"1569","未來",49,2,TRUE
"1570","本上",15,2,TRUE
"1571","本我",13,2,TRUE
"1572","本來",24,2,TRUE
"1573","本的",21,2,TRUE
"1574","本是",16,2,TRUE
"1575","本科",23,2,TRUE
"1576","本書",26,2,TRUE
"1577","本就",14,2,TRUE
"1578","正文",10,2,TRUE
"1579","正取",162,2,TRUE
"1580","正常",19,2,TRUE
"1581","正就",11,2,TRUE
"1582","正確",18,2,TRUE
"1583","正課",42,2,TRUE
"1584","民法",67,2,TRUE
"1585","民訴",11,2,TRUE
"1586","永遠",11,2,TRUE
"1587","生來",10,2,TRUE
"1588","生的",25,2,TRUE
"1589","生活",35,2,TRUE
"1590","生機",11,2,TRUE
"1591","用一",14,2,TRUE
"1592","用了",10,2,TRUE
"1593","用力",11,2,TRUE
"1594","用自",10,2,TRUE
"1595","用來",11,2,TRUE
"1596","用到",17,2,TRUE
"1597","用的",47,2,TRUE
"1598","用看",10,2,TRUE
"1599","用書",31,2,TRUE
"1600","用這",17,2,TRUE
"1601","由於",28,2,TRUE
"1602","甲組",26,2,TRUE
"1603","申論",13,2,TRUE
"1604","目了",10,2,TRUE
"1605","目我",12,2,TRUE
"1606","目的",19,2,TRUE
"1607","目前",13,2,TRUE
"1608","目是",13,2,TRUE
"1609","目標",52,2,TRUE
"1610","交大",129,2,TRUE
"1611","交通",11,2,TRUE
"1612","交換",20,2,TRUE
"1613","件事",18,2,TRUE
"1614","份考",10,2,TRUE
"1615","企業",13,2,TRUE
"1616","休息",42,2,TRUE
"1617","先生",11,2,TRUE
"1618","先把",12,2,TRUE
"1619","先看",10,2,TRUE
"1620","先從",13,2,TRUE
"1621","光電",22,2,TRUE
"1622","全力",18,2,TRUE
"1623","全放",11,2,TRUE
"1624","再去",20,2,TRUE
"1625","再回",10,2,TRUE
"1626","再把",13,2,TRUE
"1627","再來",17,2,TRUE
"1628","再看",10,2,TRUE
"1629","再寫",12,2,TRUE
"1630","刑事",14,2,TRUE
"1631","刑法",56,2,TRUE
"1632","刑訴",18,2,TRUE
"1633","列出",13,2,TRUE
"1634","印象",41,2,TRUE
"1635","吃飯",20,2,TRUE
"1636","各科",33,2,TRUE
"1637","各個",28,2,TRUE
"1638","各家",14,2,TRUE
"1639","各校",18,2,TRUE
"1640","各種",63,2,TRUE
"1641","同一",12,2,TRUE
"1642","同時",29,2,TRUE
"1643","同樣",14,2,TRUE
"1644","同學",66,2,TRUE
"1645","名次",13,2,TRUE
"1646","名詞",14,2,TRUE
"1647","名額",11,2,TRUE
"1648","向量",29,2,TRUE
"1649","回去",41,2,TRUE
"1650","回來",22,2,TRUE
"1651","回到",12,2,TRUE
"1652","回家",59,2,TRUE
"1653","回授",12,2,TRUE
"1654","回答",71,2,TRUE
"1655","回想",13,2,TRUE
"1656","回饋",25,2,TRUE
"1657","因為",290,2,TRUE
"1658","在一",23,2,TRUE
"1659","在三",10,2,TRUE
"1660","在上",23,2,TRUE
"1661","在大",27,2,TRUE
"1662","在工",11,2,TRUE
"1663","在台",26,2,TRUE
"1664","在此",16,2,TRUE
"1665","在考",24,2,TRUE
"1666","在你",10,2,TRUE
"1667","在我",29,2,TRUE
"1668","在那",15,2,TRUE
"1669","在念",18,2,TRUE
"1670","在於",16,2,TRUE
"1671","在前",12,2,TRUE
"1672","在看",20,2,TRUE
"1673","在哪",13,2,TRUE
"1674","在家",15,2,TRUE
"1675","在書",13,2,TRUE
"1676","在做",14,2,TRUE
"1677","在這",57,2,TRUE
"1678","在最",14,2,TRUE
"1679","在幹",10,2,TRUE
"1680","在想",18,2,TRUE
"1681","在補",12,2,TRUE
"1682","在寫",19,2,TRUE
"1683","在講",10,2,TRUE
"1684","在還",10,2,TRUE
"1685","在讀",11,2,TRUE
"1686","地方",26,2,TRUE
"1687","地理",17,2,TRUE
"1688","多了",25,2,TRUE
"1689","多人",17,2,TRUE
"1690","多不",14,2,TRUE
"1691","多多",15,2,TRUE
"1692","多考",10,2,TRUE
"1693","多的",37,2,TRUE
"1694","多是",15,2,TRUE
"1695","多看",27,2,TRUE
"1696","多益",10,2,TRUE
"1697","多做",12,2,TRUE
"1698","多都",16,2,TRUE
"1699","多就",11,2,TRUE
"1700","多學",13,2,TRUE
"1701","好了",20,2,TRUE
"1702","好不",15,2,TRUE
"1703","好在",10,2,TRUE
"1704","好好",42,2,TRUE
"1705","好有",10,2,TRUE
"1706","好我",10,2,TRUE
"1707","好的",69,2,TRUE
"1708","好是",14,2,TRUE
"1709","好看",12,2,TRUE
"1710","好拿",13,2,TRUE
"1711","好處",10,2,TRUE
"1712","好就",10,2,TRUE
"1713","好像",69,2,TRUE
"1714","好讀",11,2,TRUE
"1715","安排",37,2,TRUE
"1716","年也",10,2,TRUE
"1717","年份",16,2,TRUE
"1718","年有",11,2,TRUE
"1719","年考",19,2,TRUE
"1720","年來",21,2,TRUE
"1721","年的",52,2,TRUE
"1722","年前",11,2,TRUE
"1723","年都",13,2,TRUE
"1724","年就",21,2,TRUE
"1725","式的",24,2,TRUE
"1726","式跟",11,2,TRUE
"1727","成一",16,2,TRUE
"1728","成了",10,2,TRUE
"1729","成大",127,2,TRUE
"1730","成功",18,2,TRUE
"1731","成果",15,2,TRUE
"1732","成的",17,2,TRUE
"1733","成長",10,2,TRUE
"1734","成為",12,2,TRUE
"1735","成績",136,2,TRUE
"1736","收穫",13,2,TRUE
"1737","早上",29,2,TRUE
"1738","早點",19,2,TRUE
"1739","有一",52,2,TRUE
"1740","有了",24,2,TRUE
"1741","有人",47,2,TRUE
"1742","有上",27,2,TRUE
"1743","有不",34,2,TRUE
"1744","有分",10,2,TRUE
"1745","有太",14,2,TRUE
"1746","有出",12,2,TRUE
"1747","有去",26,2,TRUE
"1748","有用",19,2,TRUE
"1749","有全",17,2,TRUE
"1750","有在",23,2,TRUE
"1751","有多",10,2,TRUE
"1752","有好",12,2,TRUE
"1753","有考",42,2,TRUE
"1754","有你",13,2,TRUE
"1755","有我",13,2,TRUE
"1756","有把",18,2,TRUE
"1757","有更",12,2,TRUE
"1758","有那",17,2,TRUE
"1759","有兩",16,2,TRUE
"1760","有幸",13,2,TRUE
"1761","有念",18,2,TRUE
"1762","有所",19,2,TRUE
"1763","有空",14,2,TRUE
"1764","有很",14,2,TRUE
"1765","有相",11,2,TRUE
"1766","有看",26,2,TRUE
"1767","有要",10,2,TRUE
"1768","有限",15,2,TRUE
"1769","有修",11,2,TRUE
"1770","有個",24,2,TRUE
"1771","有哪",12,2,TRUE
"1772","有時",20,2,TRUE
"1773","有做",17,2,TRUE
"1774","有唸",10,2,TRUE
"1775","有問",11,2,TRUE
"1776","有教",10,2,TRUE
"1777","有這",19,2,TRUE
"1778","有報",18,2,TRUE
"1779","有幾",10,2,TRUE
"1780","有買",11,2,TRUE
"1781","有想",19,2,TRUE
"1782","有感",10,2,TRUE
"1783","有跟",10,2,TRUE
"1784","有種",12,2,TRUE
"1785","有說",11,2,TRUE
"1786","有寫",25,2,TRUE
"1787","有趣",12,2,TRUE
"1788","有學",16,2,TRUE
"1789","有機",24,2,TRUE
"1790","有錯",10,2,TRUE
"1791","有點",97,2,TRUE
"1792","有關",18,2,TRUE
"1793","有聽",11,2,TRUE
"1794","有讀",14,2,TRUE
"1795","次上",10,2,TRUE
"1796","次考",15,2,TRUE
"1797","次的",19,2,TRUE
"1798","次都",12,2,TRUE
"1799","此我",10,2,TRUE
"1800","此時",13,2,TRUE
"1801","老毛",11,2,TRUE
"1802","老孫",25,2,TRUE
"1803","老師",246,2,TRUE
"1804","考一",26,2,TRUE
"1805","考了",34,2,TRUE
"1806","考上",47,2,TRUE
"1807","考不",13,2,TRUE
"1808","考古",24,2,TRUE
"1809","考生",47,2,TRUE
"1810","考好",10,2,TRUE
"1811","考完",61,2,TRUE
"1812","考到",19,2,TRUE
"1813","考卷",39,2,TRUE
"1814","考的",97,2,TRUE
"1815","考前",100,2,TRUE
"1816","考研",24,2,TRUE
"1817","考科",16,2,TRUE
"1818","考時",11,2,TRUE
"1819","考得",19,2,TRUE
"1820","考這",15,2,TRUE
"1821","考場",19,2,TRUE
"1822","考就",11,2,TRUE
"1823","考量",11,2,TRUE
"1824","考試",138,2,TRUE
"1825","考過",18,2,TRUE
"1826","考慮",20,2,TRUE
"1827","考點",11,2,TRUE
"1828","考題",64,2,TRUE
"1829","而不",12,2,TRUE
"1830","而我",20,2,TRUE
"1831","自由",15,2,TRUE
"1832","自我",10,2,TRUE
"1833","自修",10,2,TRUE
"1834","自控",13,2,TRUE
"1835","自然",12,2,TRUE
"1836","自認",12,2,TRUE
"1837","至少",61,2,TRUE
"1838","至於",50,2,TRUE
"1839","行的",12,2,TRUE
"1840","行政",12,2,TRUE
"1841","似乎",10,2,TRUE
"1842","但也",24,2,TRUE
"1843","但大",10,2,TRUE
"1844","但不",21,2,TRUE
"1845","但有",13,2,TRUE
"1846","但我",74,2,TRUE
"1847","但沒",11,2,TRUE
"1848","但這",16,2,TRUE
"1849","但最",11,2,TRUE
"1850","但對",12,2,TRUE
"1851","低分",10,2,TRUE
"1852","作的",13,2,TRUE
"1853","作者",20,2,TRUE
"1854","作為",17,2,TRUE
"1855","作家",14,2,TRUE
"1856","作息",16,2,TRUE
"1857","作答",16,2,TRUE
"1858","作業",26,2,TRUE
"1859","你一",17,2,TRUE
"1860","你不",19,2,TRUE
"1861","你在",28,2,TRUE
"1862","你有",32,2,TRUE
"1863","你自",12,2,TRUE
"1864","你的",64,2,TRUE
"1865","你是",26,2,TRUE
"1866","你要",20,2,TRUE
"1867","你們",35,2,TRUE
"1868","你問",10,2,TRUE
"1869","你就",24,2,TRUE
"1870","你想",12,2,TRUE
"1871","你會",20,2,TRUE
"1872","你寫",10,2,TRUE
"1873","你讀",10,2,TRUE
"1874","判斷",11,2,TRUE
"1875","別人",38,2,TRUE
"1876","別的",20,2,TRUE
"1877","別是",10,2,TRUE
"1878","利用",22,2,TRUE
"1879","努力",61,2,TRUE
"1880","即可",15,2,TRUE
"1881","否則",12,2,TRUE
"1882","吸收",16,2,TRUE
"1883","告訴",12,2,TRUE
"1884","困難",20,2,TRUE
"1885","坐在",10,2,TRUE
"1886","完一",36,2,TRUE
"1887","完了",25,2,TRUE
"1888","完全",56,2,TRUE
"1889","完成",28,2,TRUE
"1890","完的",22,2,TRUE
"1891","完後",20,2,TRUE
"1892","完第",14,2,TRUE
"1893","完就",17,2,TRUE
"1894","完整",22,2,TRUE
"1895","完題",10,2,TRUE
"1896","希望",62,2,TRUE
"1897","弄懂",16,2,TRUE
"1898","形式",12,2,TRUE
"1899","忘了",28,2,TRUE
"1900","忘光",11,2,TRUE
"1901","忘記",38,2,TRUE
"1902","快的",12,2,TRUE
"1903","快速",23,2,TRUE
"1904","快就",10,2,TRUE
"1905","我一",22,2,TRUE
"1906","我上",11,2,TRUE
"1907","我也",48,2,TRUE
"1908","我大",23,2,TRUE
"1909","我才",21,2,TRUE
"1910","我不",43,2,TRUE
"1911","我以",10,2,TRUE
"1912","我去",16,2,TRUE
"1913","我只",35,2,TRUE
"1914","我在",67,2,TRUE
"1915","我有",88,2,TRUE
"1916","我考",29,2,TRUE
"1917","我自",11,2,TRUE
"1918","我把",22,2,TRUE
"1919","我沒",29,2,TRUE
"1920","我那",13,2,TRUE
"1921","我到",13,2,TRUE
"1922","我念",14,2,TRUE
"1923","我的",173,2,TRUE
"1924","我花",10,2,TRUE
"1925","我很",47,2,TRUE
"1926","我後",11,2,TRUE
"1927","我是",200,2,TRUE
"1928","我相",10,2,TRUE
"1929","我看",24,2,TRUE
"1930","我要",20,2,TRUE
"1931","我們",98,2,TRUE
"1932","我從",16,2,TRUE
"1933","我第",11,2,TRUE
"1934","我這",41,2,TRUE
"1935","我都",59,2,TRUE
"1936","我就",103,2,TRUE
"1937","我最",24,2,TRUE
"1938","我想",48,2,TRUE
"1939","我會",54,2,TRUE
"1940","我當",16,2,TRUE
"1941","我對",18,2,TRUE
"1942","我滿",10,2,TRUE
"1943","我算",12,2,TRUE
"1944","我認",11,2,TRUE
"1945","我說",16,2,TRUE
"1946","我寫",22,2,TRUE
"1947","我選",13,2,TRUE
"1948","我還",31,2,TRUE
"1949","我讀",19,2,TRUE
"1950","批評",13,2,TRUE
"1951","找不",11,2,TRUE
"1952","找出",26,2,TRUE
"1953","找到",46,2,TRUE
"1954","技巧",26,2,TRUE
"1955","把一",11,2,TRUE
"1956","把他",11,2,TRUE
"1957","把你",10,2,TRUE
"1958","把我",11,2,TRUE
"1959","把每",11,2,TRUE
"1960","把那",10,2,TRUE
"1961","把握",24,2,TRUE
"1962","把筆",10,2,TRUE
"1963","把題",10,2,TRUE
"1964","投資",26,2,TRUE
"1965","改成",10,2,TRUE
"1966","改變",10,2,TRUE
"1967","更加",13,2,TRUE
"1968","更多",17,2,TRUE
"1969","更好",15,2,TRUE
"1970","更有",12,2,TRUE
"1971","更是",12,2,TRUE
"1972","李昊",11,2,TRUE
"1973","李澤",18,2,TRUE
"1974","材力",20,2,TRUE
"1975","材料",17,2,TRUE
"1976","材熱",10,2,TRUE
"1977","步的",12,2,TRUE
"1978","每一",38,2,TRUE
"1979","每天",74,2,TRUE
"1980","每年",16,2,TRUE
"1981","每次",31,2,TRUE
"1982","每周",13,2,TRUE
"1983","每個",60,2,TRUE
"1984","每題",10,2,TRUE
"1985","決心",14,2,TRUE
"1986","決定",58,2,TRUE
"1987","沒上",23,2,TRUE
"1988","沒用",10,2,TRUE
"1989","沒有",205,2,TRUE
"1990","沒考",23,2,TRUE
"1991","沒念",10,2,TRUE
"1992","沒看",25,2,TRUE
"1993","沒做",11,2,TRUE
"1994","沒唸",10,2,TRUE
"1995","沒問",11,2,TRUE
"1996","沒啥",13,2,TRUE
"1997","沒寫",25,2,TRUE
"1998","沒學",15,2,TRUE
"1999","沒錯",15,2,TRUE
"2000","沒讀",13,2,TRUE
"2001","私立",11,2,TRUE
"2002","系上",32,2,TRUE
"2003","系所",24,2,TRUE
"2004","系的",41,2,TRUE
"2005","系排",37,2,TRUE
"2006","系統",60,2,TRUE
"2007","見解",16,2,TRUE
"2008","見諒",14,2,TRUE
"2009","角度",12,2,TRUE
"2010","足夠",17,2,TRUE
"2011","身邊",12,2,TRUE
"2012","身體",10,2,TRUE
"2013","辛苦",16,2,TRUE
"2014","那一",24,2,TRUE
"2015","那天",11,2,TRUE
"2016","那本",35,2,TRUE
"2017","那我",11,2,TRUE
"2018","那兩",11,2,TRUE
"2019","那個",27,2,TRUE
"2020","那時",28,2,TRUE
"2021","那就",20,2,TRUE
"2022","那種",34,2,TRUE
"2023","那麼",38,2,TRUE
"2024","那樣",12,2,TRUE
"2025","那題",15,2,TRUE
"2026","那邊",19,2,TRUE
"2027","並不",20,2,TRUE
"2028","並且",57,2,TRUE
"2029","事的",11,2,TRUE
"2030","事情",21,2,TRUE
"2031","事實",10,2,TRUE
"2032","些學",11,2,TRUE
"2033","使用",36,2,TRUE
"2034","來一",13,2,TRUE
"2035","來了",11,2,TRUE
"2036","來也",11,2,TRUE
"2037","來才",10,2,TRUE
"2038","來不",14,2,TRUE
"2039","來分",10,2,TRUE
"2040","來回",13,2,TRUE
"2041","來有",17,2,TRUE
"2042","來考",21,2,TRUE
"2043","來自",10,2,TRUE
"2044","來我",20,2,TRUE
"2045","來沒",13,2,TRUE
"2046","來的",41,2,TRUE
"2047","來後",11,2,TRUE
"2048","來是",12,2,TRUE
"2049","來看",41,2,TRUE
"2050","來要",12,2,TRUE
"2051","來就",24,2,TRUE
"2052","來想",12,2,TRUE
"2053","來說",64,2,TRUE
"2054","來寫",11,2,TRUE
"2055","來還",16,2,TRUE
"2056","來讀",12,2,TRUE
"2057","例子",11,2,TRUE
"2058","例題",15,2,TRUE
"2059","兩三",16,2,TRUE
"2060","兩天",16,2,TRUE
"2061","兩本",35,2,TRUE
"2062","兩年",29,2,TRUE
"2063","兩次",18,2,TRUE
"2064","兩位",15,2,TRUE
"2065","兩科",28,2,TRUE
"2066","兩個",34,2,TRUE
"2067","兩遍",22,2,TRUE
"2068","兩題",27,2,TRUE
"2069","其實",135,2,TRUE
"2070","函數",15,2,TRUE
"2071","到一",39,2,TRUE
"2072","到了",56,2,TRUE
"2073","到大",14,2,TRUE
"2074","到不",10,2,TRUE
"2075","到今",10,2,TRUE
"2076","到他",13,2,TRUE
"2077","到台",11,2,TRUE
"2078","到有",14,2,TRUE
"2079","到考",11,2,TRUE
"2080","到快",11,2,TRUE
"2081","到我",22,2,TRUE
"2082","到底",30,2,TRUE
"2083","到的",79,2,TRUE
"2084","到第",13,2,TRUE
"2085","到這",30,2,TRUE
"2086","到最",15,2,TRUE
"2087","到學",11,2,TRUE
"2088","制的",10,2,TRUE
"2089","取一",11,2,TRUE
"2090","取的",14,2,TRUE
"2091","周易",14,2,TRUE
"2092","和大",10,2,TRUE
"2093","固定",12,2,TRUE
"2094","始的",10,2,TRUE
"2095","孤單",10,2,TRUE
"2096","定了",13,2,TRUE
"2097","定考",11,2,TRUE
"2098","定的",12,2,TRUE
"2099","定理",19,2,TRUE
"2100","定義",14,2,TRUE
"2101","幸運",10,2,TRUE
"2102","底子",22,2,TRUE
"2103","底的",11,2,TRUE
"2104","延畢",15,2,TRUE
"2105","往年",17,2,TRUE
"2106","往往",12,2,TRUE
"2107","念一",23,2,TRUE
"2108","念了",14,2,TRUE
"2109","念不",11,2,TRUE
"2110","念完",18,2,TRUE
"2111","念到",14,2,TRUE
"2112","念的",52,2,TRUE
"2113","念書",69,2,TRUE
"2114","念得",12,2,TRUE
"2115","念都",10,2,TRUE
"2116","念就",12,2,TRUE
"2117","念過",15,2,TRUE
"2118","念熟",12,2,TRUE
"2119","性別",13,2,TRUE
"2120","性的",12,2,TRUE
"2121","或許",24,2,TRUE
"2122","所學",10,2,TRUE
"2123","放在",21,2,TRUE
"2124","放掉",27,2,TRUE
"2125","放棄",70,2,TRUE
"2126","放榜",26,2,TRUE
"2127","放鬆",21,2,TRUE
"2128","於是",18,2,TRUE
"2129","於這",10,2,TRUE
"2130","明白",12,2,TRUE
"2131","明年",12,2,TRUE
"2132","明顯",15,2,TRUE
"2133","朋友",64,2,TRUE
"2134","東西",59,2,TRUE
"2135","板上",21,2,TRUE
"2136","林昀",10,2,TRUE
"2137","林隆",39,2,TRUE
"2138","果不",17,2,TRUE
"2139","法一",10,2,TRUE
"2140","法也",10,2,TRUE
"2141","法不",15,2,TRUE
"2142","法所",14,2,TRUE
"2143","法的",32,2,TRUE
"2144","法律",18,2,TRUE
"2145","法是",21,2,TRUE
"2146","法條",23,2,TRUE
"2147","法組",15,2,TRUE
"2148","法都",10,2,TRUE
"2149","法解",13,2,TRUE
"2150","法跟",12,2,TRUE
"2151","法學",12,2,TRUE
"2152","注意",29,2,TRUE
"2153","爬文",11,2,TRUE
"2154","爭點",35,2,TRUE
"2155","爸媽",10,2,TRUE
"2156","版上",30,2,TRUE
"2157","物化",23,2,TRUE
"2158","物理",30,2,TRUE
"2159","物權",32,2,TRUE
"2160","狀況",27,2,TRUE
"2161","狀態",16,2,TRUE
"2162","的一",59,2,TRUE
"2163","的人",172,2,TRUE
"2164","的也",19,2,TRUE
"2165","的大",36,2,TRUE
"2166","的女",12,2,TRUE
"2167","的小",20,2,TRUE
"2168","的不",23,2,TRUE
"2169","的分",19,2,TRUE
"2170","的太",10,2,TRUE
"2171","的心",16,2,TRUE
"2172","的文",20,2,TRUE
"2173","的比",15,2,TRUE
"2174","的主",15,2,TRUE
"2175","的功",10,2,TRUE
"2176","的可",14,2,TRUE
"2177","的正",12,2,TRUE
"2178","的用",10,2,TRUE
"2179","的刑",11,2,TRUE
"2180","的各",11,2,TRUE
"2181","的名",17,2,TRUE
"2182","的回",16,2,TRUE
"2183","的好",30,2,TRUE
"2184","的成",14,2,TRUE
"2185","的自",21,2,TRUE
"2186","的行",11,2,TRUE
"2187","的作",10,2,TRUE
"2188","的我",26,2,TRUE
"2189","的把",13,2,TRUE
"2190","的每",13,2,TRUE
"2191","的系",13,2,TRUE
"2192","的那",50,2,TRUE
"2193","的事",22,2,TRUE
"2194","的兩",10,2,TRUE
"2195","的念",13,2,TRUE
"2196","的社",12,2,TRUE
"2197","的表",11,2,TRUE
"2198","的前",16,2,TRUE
"2199","的很",20,2,TRUE
"2200","的思",10,2,TRUE
"2201","的政",11,2,TRUE
"2202","的是",81,2,TRUE
"2203","的看",10,2,TRUE
"2204","的背",12,2,TRUE
"2205","的計",13,2,TRUE
"2206","的差",17,2,TRUE
"2207","的書",100,2,TRUE
"2208","的特",17,2,TRUE
"2209","的專",20,2,TRUE
"2210","的推",17,2,TRUE
"2211","的教",25,2,TRUE
"2212","的理",16,2,TRUE
"2213","的習",14,2,TRUE
"2214","的這",25,2,TRUE
"2215","的都",35,2,TRUE
"2216","的單",21,2,TRUE
"2217","的就",34,2,TRUE
"2218","的幾",12,2,TRUE
"2219","的最",11,2,TRUE
"2220","的期",12,2,TRUE
"2221","的發",10,2,TRUE
"2222","的開",11,2,TRUE
"2223","的想",10,2,TRUE
"2224","的意",23,2,TRUE
"2225","的會",10,2,TRUE
"2226","的經",11,2,TRUE
"2227","的解",12,2,TRUE
"2228","的話",120,2,TRUE
"2229","的資",26,2,TRUE
"2230","的路",18,2,TRUE
"2231","的電",25,2,TRUE
"2232","的實",17,2,TRUE
"2233","的認",12,2,TRUE
"2234","的說",13,2,TRUE
"2235","的寫",20,2,TRUE
"2236","的數",14,2,TRUE
"2237","的線",10,2,TRUE
"2238","的課",45,2,TRUE
"2239","的學",19,2,TRUE
"2240","的錯",11,2,TRUE
"2241","的應",12,2,TRUE
"2242","的還",10,2,TRUE
"2243","的點",11,2,TRUE
"2244","的難",13,2,TRUE
"2245","直接",82,2,TRUE
"2246","直覺",15,2,TRUE
"2247","知道",43,2,TRUE
"2248","知識",29,2,TRUE
"2249","社研",14,2,TRUE
"2250","社理",15,2,TRUE
"2251","社會",48,2,TRUE
"2252","社團",14,2,TRUE
"2253","空白",14,2,TRUE
"2254","空間",13,2,TRUE
"2255","者的",13,2,TRUE
"2256","者是",12,2,TRUE
"2257","花了",22,2,TRUE
"2258","花很",10,2,TRUE
"2259","花錢",10,2,TRUE
"2260","表現",11,2,TRUE
"2261","表達",13,2,TRUE
"2262","近代",16,2,TRUE
"2263","近物",18,2,TRUE
"2264","長的",31,2,TRUE
"2265","門的",12,2,TRUE
"2266","門檻",14,2,TRUE
"2267","附上",12,2,TRUE
"2268","非常",88,2,TRUE
"2269","亮歐",11,2,TRUE
"2270","保持",20,2,TRUE
"2271","保險",12,2,TRUE
"2272","信心",31,2,TRUE
"2273","則是",36,2,TRUE
"2274","前有",15,2,TRUE
"2275","前我",17,2,TRUE
"2276","前言",34,2,TRUE
"2277","前兩",14,2,TRUE
"2278","前的",21,2,TRUE
"2279","前看",10,2,TRUE
"2280","前面",57,2,TRUE
"2281","前就",17,2,TRUE
"2282","前幾",17,2,TRUE
"2283","前輩",22,2,TRUE
"2284","勉強",12,2,TRUE
"2285","型的",16,2,TRUE
"2286","客觀",14,2,TRUE
"2287","度不",11,2,TRUE
"2288","度的",15,2,TRUE
"2289","度都",11,2,TRUE
"2290","建立",27,2,TRUE
"2291","建議",105,2,TRUE
"2292","很久",17,2,TRUE
"2293","很大",23,2,TRUE
"2294","很不",23,2,TRUE
"2295","很少",13,2,TRUE
"2296","很多",175,2,TRUE
"2297","很好",53,2,TRUE
"2298","很有",32,2,TRUE
"2299","很快",21,2,TRUE
"2300","很長",11,2,TRUE
"2301","很差",13,2,TRUE
"2302","很高",14,2,TRUE
"2303","很偏",10,2,TRUE
"2304","很常",11,2,TRUE
"2305","很清",10,2,TRUE
"2306","很棒",16,2,TRUE
"2307","很想",18,2,TRUE
"2308","很愛",10,2,TRUE
"2309","很慢",12,2,TRUE
"2310","很緊",10,2,TRUE
"2311","很熟",17,2,TRUE
"2312","很難",60,2,TRUE
"2313","很爛",11,2,TRUE
"2314","律師",46,2,TRUE
"2315","後一",13,2,TRUE
"2316","後也",15,2,TRUE
"2317","後才",14,2,TRUE
"2318","後只",10,2,TRUE
"2319","後再",14,2,TRUE
"2320","後在",12,2,TRUE
"2321","後有",10,2,TRUE
"2322","後考",16,2,TRUE
"2323","後我",11,2,TRUE
"2324","後把",10,2,TRUE
"2325","後來",105,2,TRUE
"2326","後的",21,2,TRUE
"2327","後者",11,2,TRUE
"2328","後段",10,2,TRUE
"2329","後要",18,2,TRUE
"2330","後面",41,2,TRUE
"2331","後悔",16,2,TRUE
"2332","後就",20,2,TRUE
"2333","後期",26,2,TRUE
"2334","後會",13,2,TRUE
"2335","後複",10,2,TRUE
"2336","怎麼",96,2,TRUE
"2337","怎樣",19,2,TRUE
"2338","思考",51,2,TRUE
"2339","思想",32,2,TRUE
"2340","持著",12,2,TRUE
"2341","挑戰",10,2,TRUE
"2342","政大",94,2,TRUE
"2343","政方",10,2,TRUE
"2344","政治",37,2,TRUE
"2345","政策",10,2,TRUE
"2346","故事",22,2,TRUE
"2347","是一",32,2,TRUE
"2348","是了",15,2,TRUE
"2349","是上",27,2,TRUE
"2350","是大",40,2,TRUE
"2351","是不",51,2,TRUE
"2352","是中",17,2,TRUE
"2353","是分",12,2,TRUE
"2354","是他",12,2,TRUE
"2355","是去",16,2,TRUE
"2356","是只",17,2,TRUE
"2357","是台",11,2,TRUE
"2358","是必",10,2,TRUE
"2359","是本",20,2,TRUE
"2360","是正",14,2,TRUE
"2361","是用",21,2,TRUE
"2362","是先",13,2,TRUE
"2363","是全",21,2,TRUE
"2364","是在",71,2,TRUE
"2365","是多",12,2,TRUE
"2366","是好",13,2,TRUE
"2367","是如",20,2,TRUE
"2368","是有",64,2,TRUE
"2369","是老",10,2,TRUE
"2370","是考",49,2,TRUE
"2371","是你",31,2,TRUE
"2372","是否",29,2,TRUE
"2373","是完",11,2,TRUE
"2374","是我",85,2,TRUE
"2375","是把",39,2,TRUE
"2376","是每",23,2,TRUE
"2377","是沒",30,2,TRUE
"2378","是那",22,2,TRUE
"2379","是念",10,2,TRUE
"2380","是放",15,2,TRUE
"2381","是直",10,2,TRUE
"2382","是非",14,2,TRUE
"2383","是建",12,2,TRUE
"2384","是很",37,2,TRUE
"2385","是後",12,2,TRUE
"2386","是相",13,2,TRUE
"2387","是看",45,2,TRUE
"2388","是要",50,2,TRUE
"2389","是計",12,2,TRUE
"2390","是重",10,2,TRUE
"2391","是個",26,2,TRUE
"2392","是拿",10,2,TRUE
"2393","是能",18,2,TRUE
"2394","是做",14,2,TRUE
"2395","是從",44,2,TRUE
"2396","是第",12,2,TRUE
"2397","是這",18,2,TRUE
"2398","是都",14,2,TRUE
"2399","是單",10,2,TRUE
"2400","是最",56,2,TRUE
"2401","是超",12,2,TRUE
"2402","是想",26,2,TRUE
"2403","是會",12,2,TRUE
"2404","是當",10,2,TRUE
"2405","是補",21,2,TRUE
"2406","是跟",25,2,TRUE
"2407","是對",12,2,TRUE
"2408","是說",10,2,TRUE
"2409","是寫",21,2,TRUE
"2410","是誰",10,2,TRUE
"2411","是靠",16,2,TRUE
"2412","是學",11,2,TRUE
"2413","是選",12,2,TRUE
"2414","是還",13,2,TRUE
"2415","是聽",11,2,TRUE
"2416","是讀",20,2,TRUE
"2417","是讓",13,2,TRUE
"2418","是蠻",18,2,TRUE
"2419","架構",28,2,TRUE
"2420","某個",12,2,TRUE
"2421","柯名",13,2,TRUE
"2422","段的",10,2,TRUE
"2423","段落",11,2,TRUE
"2424","洪逸",34,2,TRUE
"2425","活動",16,2,TRUE
"2426","流力",14,2,TRUE
"2427","為一",12,2,TRUE
"2428","為了",28,2,TRUE
"2429","為主",28,2,TRUE
"2430","為台",11,2,TRUE
"2431","為在",13,2,TRUE
"2432","為考",10,2,TRUE
"2433","為何",23,2,TRUE
"2434","為我",12,2,TRUE
"2435","為是",12,2,TRUE
"2436","甚麼",33,2,TRUE
"2437","相同",13,2,TRUE
"2438","相信",46,2,TRUE
"2439","相當",26,2,TRUE
"2440","相較",12,2,TRUE
"2441","相對",38,2,TRUE
"2442","相關",39,2,TRUE
"2443","看一",37,2,TRUE
"2444","看了",45,2,TRUE
"2445","看不",14,2,TRUE
"2446","看出",11,2,TRUE
"2447","看完",71,2,TRUE
"2448","看到",112,2,TRUE
"2449","看的",30,2,TRUE
"2450","看看",53,2,TRUE
"2451","看個",16,2,TRUE
"2452","看書",19,2,TRUE
"2453","看這",15,2,TRUE
"2454","看著",11,2,TRUE
"2455","看過",46,2,TRUE
"2456","看熟",12,2,TRUE
"2457","看懂",16,2,TRUE
"2458","研究",45,2,TRUE
"2459","研所",41,2,TRUE
"2460","科大",13,2,TRUE
"2461","科目",46,2,TRUE
"2462","科系",12,2,TRUE
"2463","科的",41,2,TRUE
"2464","科都",25,2,TRUE
"2465","科學",10,2,TRUE
"2466","突然",16,2,TRUE
"2467","紀錄",12,2,TRUE
"2468","美國",12,2,TRUE
"2469","耍廢",10,2,TRUE
"2470","耐心",11,2,TRUE
"2471","背的",10,2,TRUE
"2472","背景",89,2,TRUE
"2473","背誦",13,2,TRUE
"2474","若有",11,2,TRUE
"2475","苦的",13,2,TRUE
"2476","英文",214,2,TRUE
"2477","要一",28,2,TRUE
"2478","要上",17,2,TRUE
"2479","要去",27,2,TRUE
"2480","要用",20,2,TRUE
"2481","要先",18,2,TRUE
"2482","要再",11,2,TRUE
"2483","要在",25,2,TRUE
"2484","要多",17,2,TRUE
"2485","要有",45,2,TRUE
"2486","要考",42,2,TRUE
"2487","要你",12,2,TRUE
"2488","要我",11,2,TRUE
"2489","要找",19,2,TRUE
"2490","要抄",12,2,TRUE
"2491","要把",41,2,TRUE
"2492","要求",16,2,TRUE
"2493","要念",35,2,TRUE
"2494","要的",25,2,TRUE
"2495","要花",17,2,TRUE
"2496","要很",15,2,TRUE
"2497","要看",35,2,TRUE
"2498","要背",16,2,TRUE
"2499","要拿",13,2,TRUE
"2500","要能",11,2,TRUE
"2501","要做",25,2,TRUE
"2502","要唸",10,2,TRUE
"2503","要開",11,2,TRUE
"2504","要想",16,2,TRUE
"2505","要會",27,2,TRUE
"2506","要補",14,2,TRUE
"2507","要跟",10,2,TRUE
"2508","要說",12,2,TRUE
"2509","要寫",23,2,TRUE
"2510","要熟",14,2,TRUE
"2511","要練",13,2,TRUE
"2512","要讀",30,2,TRUE
"2513","計系",21,2,TRUE
"2514","計時",12,2,TRUE
"2515","計組",81,2,TRUE
"2516","計畫",21,2,TRUE
"2517","計量",10,2,TRUE
"2518","計概",13,2,TRUE
"2519","計劃",10,2,TRUE
"2520","計算",23,2,TRUE
"2521","負責",12,2,TRUE
"2522","負擔",15,2,TRUE
"2523","重考",22,2,TRUE
"2524","重要",35,2,TRUE
"2525","重新",23,2,TRUE
"2526","重複",21,2,TRUE
"2527","重點",81,2,TRUE
"2528","限制",13,2,TRUE
"2529","面有",14,2,TRUE
"2530","面的",19,2,TRUE
"2531","面授",26,2,TRUE
"2532","面試",105,2,TRUE
"2533","面對",28,2,TRUE
"2534","修了",11,2,TRUE
"2535","修的",11,2,TRUE
"2536","修過",24,2,TRUE
"2537","修課",21,2,TRUE
"2538","個一",11,2,TRUE
"2539","個人",48,2,TRUE
"2540","個大",13,2,TRUE
"2541","個不",10,2,TRUE
"2542","個方",11,2,TRUE
"2543","個月",35,2,TRUE
"2544","個很",10,2,TRUE
"2545","個理",11,2,TRUE
"2546","個學",10,2,TRUE
"2547","個體",11,2,TRUE
"2548","們一",12,2,TRUE
"2549","們在",13,2,TRUE
"2550","們所",10,2,TRUE
"2551","們的",36,2,TRUE
"2552","們都",19,2,TRUE
"2553","倒扣",12,2,TRUE
"2554","借我",10,2,TRUE
"2555","值得",25,2,TRUE
"2556","剛好",44,2,TRUE
"2557","原本",30,2,TRUE
"2558","原因",16,2,TRUE
"2559","原始",10,2,TRUE
"2560","哪一",11,2,TRUE
"2561","哪個",25,2,TRUE
"2562","哪裡",19,2,TRUE
"2563","哲學",19,2,TRUE
"2564","害怕",15,2,TRUE
"2565","家人",32,2,TRUE
"2566","家的",16,2,TRUE
"2567","家裡",19,2,TRUE
"2568","家說",10,2,TRUE
"2569","容易",26,2,TRUE
"2570","差別",10,2,TRUE
"2571","差異",11,2,TRUE
"2572","差距",12,2,TRUE
"2573","差點",11,2,TRUE
"2574","師大",17,2,TRUE
"2575","師的",10,2,TRUE
"2576","拿分",15,2,TRUE
"2577","拿來",29,2,TRUE
"2578","拿到",49,2,TRUE
"2579","挫折",10,2,TRUE
"2580","效果",23,2,TRUE
"2581","效率",17,2,TRUE
"2582","旁邊",17,2,TRUE
"2583","旁聽",14,2,TRUE
"2584","時也",15,2,TRUE
"2585","時代",19,2,TRUE
"2586","時有",18,2,TRUE
"2587","時我",25,2,TRUE
"2588","時事",24,2,TRUE
"2589","時的",27,2,TRUE
"2590","時是",10,2,TRUE
"2591","時要",12,2,TRUE
"2592","時就",23,2,TRUE
"2593","時期",36,2,TRUE
"2594","時間",73,2,TRUE
"2595","時會",10,2,TRUE
"2596","書上",20,2,TRUE
"2597","書也",10,2,TRUE
"2598","書中",12,2,TRUE
"2599","書本",16,2,TRUE
"2600","書目",16,2,TRUE
"2601","書有",11,2,TRUE
"2602","書我",10,2,TRUE
"2603","書的",29,2,TRUE
"2604","書後",10,2,TRUE
"2605","書是",12,2,TRUE
"2606","書看",12,2,TRUE
"2607","書都",11,2,TRUE
"2608","書單",45,2,TRUE
"2609","書就",16,2,TRUE
"2610","書寫",10,2,TRUE
"2611","書籍",28,2,TRUE
"2612","書讀",11,2,TRUE
"2613","校考",12,2,TRUE
"2614","核心",20,2,TRUE
"2615","根本",34,2,TRUE
"2616","案例",11,2,TRUE
"2617","浪費",19,2,TRUE
"2618","特色",16,2,TRUE
"2619","特別",69,2,TRUE
"2620","特殊",14,2,TRUE
"2621","特徵",12,2,TRUE
"2622","班上",17,2,TRUE
"2623","班的",10,2,TRUE
"2624","班排",16,2,TRUE
"2625","班開",10,2,TRUE
"2626","真心",12,2,TRUE
"2627","真正",34,2,TRUE
"2628","真的",115,2,TRUE
"2629","矩陣",34,2,TRUE
"2630","神人",16,2,TRUE
"2631","笑話",11,2,TRUE
"2632","純軟",10,2,TRUE
"2633","能力",42,2,TRUE
"2634","能上",15,2,TRUE
"2635","能不",13,2,TRUE
"2636","能在",17,2,TRUE
"2637","能有",10,2,TRUE
"2638","能的",11,2,TRUE
"2639","能拿",13,2,TRUE
"2640","能夠",76,2,TRUE
"2641","能給",10,2,TRUE
"2642","能寫",13,2,TRUE
"2643","能讓",14,2,TRUE
"2644","脈絡",19,2,TRUE
"2645","討論",91,2,TRUE
"2646","訓練",31,2,TRUE
"2647","記了",10,2,TRUE
"2648","記的",15,2,TRUE
"2649","記得",37,2,TRUE
"2650","記熟",11,2,TRUE
"2651","記憶",41,2,TRUE
"2652","財金",28,2,TRUE
"2653","起床",16,2,TRUE
"2654","起來",109,2,TRUE
"2655","退伍",11,2,TRUE
"2656","配合",15,2,TRUE
"2657","針對",34,2,TRUE
"2658","馬上",25,2,TRUE
"2659","高中",42,2,TRUE
"2660","高分",14,2,TRUE
"2661","高成",22,2,TRUE
"2662","高的",12,2,TRUE
"2663","假我",11,2,TRUE
"2664","假設",10,2,TRUE
"2665","做一",25,2,TRUE
"2666","做了",31,2,TRUE
"2667","做出",13,2,TRUE
"2668","做好",13,2,TRUE
"2669","做成",10,2,TRUE
"2670","做完",24,2,TRUE
"2671","做到",19,2,TRUE
"2672","做的",24,2,TRUE
"2673","做過",20,2,TRUE
"2674","偶爾",16,2,TRUE
"2675","偷懶",10,2,TRUE
"2676","動力",21,2,TRUE
"2677","動機",32,2,TRUE
"2678","務必",20,2,TRUE
"2679","參加",25,2,TRUE
"2680","參考",66,2,TRUE
"2681","唯一",15,2,TRUE
"2682","唸完",27,2,TRUE
"2683","唸到",16,2,TRUE
"2684","唸書",37,2,TRUE
"2685","唸過",12,2,TRUE
"2686","啊啊",13,2,TRUE
"2687","問了",10,2,TRUE
"2688","問你",22,2,TRUE
"2689","問我",30,2,TRUE
"2690","問到",14,2,TRUE
"2691","問的",17,2,TRUE
"2692","問答",12,2,TRUE
"2693","問題",95,2,TRUE
"2694","國文",17,2,TRUE
"2695","國立",23,2,TRUE
"2696","國企",12,2,TRUE
"2697","國考",17,2,TRUE
"2698","國家",11,2,TRUE
"2699","國際",21,2,TRUE
"2700","培養",10,2,TRUE
"2701","基本",35,2,TRUE
"2702","基礎",88,2,TRUE
"2703","堂課",17,2,TRUE
"2704","堅持",21,2,TRUE
"2705","夠了",21,2,TRUE
"2706","專心",21,2,TRUE
"2707","專業",19,2,TRUE
"2708","專題",36,2,TRUE
"2709","崩潰",39,2,TRUE
"2710","常大",10,2,TRUE
"2711","常用",11,2,TRUE
"2712","常有",13,2,TRUE
"2713","常考",10,2,TRUE
"2714","常是",11,2,TRUE
"2715","常常",52,2,TRUE
"2716","常會",16,2,TRUE
"2717","張凡",40,2,TRUE
"2718","強的",17,2,TRUE
"2719","強者",23,2,TRUE
"2720","強調",11,2,TRUE
"2721","得一",10,2,TRUE
"2722","得上",10,2,TRUE
"2723","得不",23,2,TRUE
"2724","得太",11,2,TRUE
"2725","得好",14,2,TRUE
"2726","得有",13,2,TRUE
"2727","得到",43,2,TRUE
"2728","得的",11,2,TRUE
"2729","得很",41,2,TRUE
"2730","得是",15,2,TRUE
"2731","得就",11,2,TRUE
"2732","得還",19,2,TRUE
"2733","從大",10,2,TRUE
"2734","從來",12,2,TRUE
"2735","從這",11,2,TRUE
"2736","從頭",15,2,TRUE
"2737","掃過",10,2,TRUE
"2738","排名",26,2,TRUE
"2739","排版",19,2,TRUE
"2740","接著",14,2,TRUE
"2741","接觸",20,2,TRUE
"2742","控制",38,2,TRUE
"2743","推甄",66,2,TRUE
"2744","推導",45,2,TRUE
"2745","推薦",70,2,TRUE
"2746","教材",13,2,TRUE
"2747","教的",25,2,TRUE
"2748","教室",15,2,TRUE
"2749","教得",15,2,TRUE
"2750","教授",140,2,TRUE
"2751","教學",18,2,TRUE
"2752","晚上",33,2,TRUE
"2753","條件",15,2,TRUE
"2754","深入",27,2,TRUE
"2755","深刻",16,2,TRUE
"2756","清大",80,2,TRUE
"2757","清晰",10,2,TRUE
"2758","清楚",58,2,TRUE
"2759","現代",32,2,TRUE
"2760","現在",77,2,TRUE
"2761","現的",10,2,TRUE
"2762","現實",11,2,TRUE
"2763","理出",10,2,TRUE
"2764","理由",17,2,TRUE
"2765","理系",11,2,TRUE
"2766","理的",14,2,TRUE
"2767","理想",16,2,TRUE
"2768","理解",63,2,TRUE
"2769","理論",62,2,TRUE
"2770","理學",17,2,TRUE
"2771","產生",11,2,TRUE
"2772","畢竟",49,2,TRUE
"2773","畢業",53,2,TRUE
"2774","竟然",13,2,TRUE
"2775","章的",23,2,TRUE
"2776","章節",32,2,TRUE
"2777","第一",84,2,TRUE
"2778","第二",65,2,TRUE
"2779","第三",42,2,TRUE
"2780","第五",11,2,TRUE
"2781","第六",12,2,TRUE
"2782","第四",14,2,TRUE
"2783","累了",18,2,TRUE
"2784","累積",15,2,TRUE
"2785","細的",16,2,TRUE
"2786","細節",15,2,TRUE
"2787","終於",11,2,TRUE
"2788","組的",28,2,TRUE
"2789","統計",76,2,TRUE
"2790","統整",10,2,TRUE
"2791","習完",10,2,TRUE
"2792","習就",11,2,TRUE
"2793","習過",10,2,TRUE
"2794","習慣",52,2,TRUE
"2795","習題",16,2,TRUE
"2796","聊天",16,2,TRUE
"2797","處理",17,2,TRUE
"2798","被問",13,2,TRUE
"2799","被電",13,2,TRUE
"2800","規劃",34,2,TRUE
"2801","設計",27,2,TRUE
"2802","許多",55,2,TRUE
"2803","軟體",17,2,TRUE
"2804","透過",17,2,TRUE
"2805","這一",28,2,TRUE
"2806","這本",52,2,TRUE
"2807","這次",28,2,TRUE
"2808","這些",90,2,TRUE
"2809","這兩",33,2,TRUE
"2810","這是",34,2,TRUE
"2811","這科",64,2,TRUE
"2812","這個",115,2,TRUE
"2813","這時",35,2,TRUE
"2814","這裡",33,2,TRUE
"2815","這種",79,2,TRUE
"2816","這麼",40,2,TRUE
"2817","這樣",133,2,TRUE
"2818","這篇",27,2,TRUE
"2819","這點",19,2,TRUE
"2820","這題",22,2,TRUE
"2821","這邊",47,2,TRUE
"2822","這類",11,2,TRUE
"2823","通常",47,2,TRUE
"2824","通說",11,2,TRUE
"2825","速度",24,2,TRUE
"2826","連結",20,2,TRUE
"2827","部分",66,2,TRUE
"2828","部份",29,2,TRUE
"2829","部的",11,2,TRUE
"2830","都一",10,2,TRUE
"2831","都不",66,2,TRUE
"2832","都只",19,2,TRUE
"2833","都在",49,2,TRUE
"2834","都有",99,2,TRUE
"2835","都考",17,2,TRUE
"2836","都沒",38,2,TRUE
"2837","都很",56,2,TRUE
"2838","都是",151,2,TRUE
"2839","都要",56,2,TRUE
"2840","都能",29,2,TRUE
"2841","都做",10,2,TRUE
"2842","都想",10,2,TRUE
"2843","都會",88,2,TRUE
"2844","都寫",38,2,TRUE
"2845","都還",13,2,TRUE
"2846","陪伴",11,2,TRUE
"2847","陪我",11,2,TRUE
"2848","麻煩",11,2,TRUE
"2849","備一",11,2,TRUE
"2850","備上",19,2,TRUE
"2851","備到",10,2,TRUE
"2852","備取",85,2,TRUE
"2853","備審",45,2,TRUE
"2854","剩下",17,2,TRUE
"2855","勞工",23,2,TRUE
"2856","勞動",20,2,TRUE
"2857","喜歡",39,2,TRUE
"2858","單元",22,2,TRUE
"2859","單字",24,2,TRUE
"2860","單位",12,2,TRUE
"2861","單操",19,2,TRUE
"2862","喻老",21,2,TRUE
"2863","報了",10,2,TRUE
"2864","報名",50,2,TRUE
"2865","報考",46,2,TRUE
"2866","報告",26,2,TRUE
"2867","寒假",19,2,TRUE
"2868","就一",16,2,TRUE
"2869","就上",12,2,TRUE
"2870","就已",10,2,TRUE
"2871","就不",64,2,TRUE
"2872","就去",15,2,TRUE
"2873","就只",32,2,TRUE
"2874","就先",11,2,TRUE
"2875","就在",15,2,TRUE
"2876","就好",68,2,TRUE
"2877","就有",37,2,TRUE
"2878","就考",25,2,TRUE
"2879","就忘",11,2,TRUE
"2880","就把",21,2,TRUE
"2881","就沒",34,2,TRUE
"2882","就放",22,2,TRUE
"2883","就很",35,2,TRUE
"2884","就看",23,2,TRUE
"2885","就能",28,2,TRUE
"2886","就會",109,2,TRUE
"2887","就當",11,2,TRUE
"2888","就跟",15,2,TRUE
"2889","就像",15,2,TRUE
"2890","就說",14,2,TRUE
"2891","就寫",10,2,TRUE
"2892","就讀",16,2,TRUE
"2893","幾天",15,2,TRUE
"2894","幾乎",32,2,TRUE
"2895","幾年",17,2,TRUE
"2896","幾次",23,2,TRUE
"2897","幾個",49,2,TRUE
"2898","掌握",38,2,TRUE
"2899","提升",11,2,TRUE
"2900","提出",15,2,TRUE
"2901","提早",22,2,TRUE
"2902","提供",37,2,TRUE
"2903","提綱",11,2,TRUE
"2904","提醒",17,2,TRUE
"2905","散文",10,2,TRUE
"2906","暑假",94,2,TRUE
"2907","暑期",10,2,TRUE
"2908","曾經",22,2,TRUE
"2909","最多",23,2,TRUE
"2910","最好",69,2,TRUE
"2911","最有",11,2,TRUE
"2912","最低",17,2,TRUE
"2913","最近",17,2,TRUE
"2914","最後",184,2,TRUE
"2915","最高",14,2,TRUE
"2916","最適",11,2,TRUE
"2917","最難",13,2,TRUE
"2918","期中",17,2,TRUE
"2919","期刊",16,2,TRUE
"2920","期末",10,2,TRUE
"2921","期的",20,2,TRUE
"2922","期間",36,2,TRUE
"2923","棒的",10,2,TRUE
"2924","測驗",13,2,TRUE
"2925","無法",31,2,TRUE
"2926","無機",21,2,TRUE
"2927","然也",12,2,TRUE
"2928","然沒",14,2,TRUE
"2929","然很",13,2,TRUE
"2930","然後",211,2,TRUE
"2931","然是",10,2,TRUE
"2932","然這",12,2,TRUE
"2933","然就",10,2,TRUE
"2934","然會",11,2,TRUE
"2935","然還",14,2,TRUE
"2936","猶豫",11,2,TRUE
"2937","痛苦",16,2,TRUE
"2938","發文",12,2,TRUE
"2939","發生",15,2,TRUE
"2940","發展",28,2,TRUE
"2941","發現",57,2,TRUE
"2942","發揮",10,2,TRUE
"2943","硬體",16,2,TRUE
"2944","程式",41,2,TRUE
"2945","程度",29,2,TRUE
"2946","稍微",44,2,TRUE
"2947","筆記",180,2,TRUE
"2948","筆試",12,2,TRUE
"2949","等於",14,2,TRUE
"2950","答案",52,2,TRUE
"2951","答題",30,2,TRUE
"2952","策略",31,2,TRUE
"2953","結合",11,2,TRUE
"2954","結束",45,2,TRUE
"2955","結果",118,2,TRUE
"2956","結構",18,2,TRUE
"2957","結語",11,2,TRUE
"2958","結論",21,2,TRUE
"2959","絕對",37,2,TRUE
"2960","給予",15,2,TRUE
"2961","給你",13,2,TRUE
"2962","給我",36,2,TRUE
"2963","給的",11,2,TRUE
"2964","著作",11,2,TRUE
"2965","著重",11,2,TRUE
"2966","評論",17,2,TRUE
"2967","買了",21,2,TRUE
"2968","超哥",33,2,TRUE
"2969","超級",36,2,TRUE
"2970","超強",11,2,TRUE
"2971","超過",13,2,TRUE
"2972","越多",10,2,TRUE
"2973","越好",12,2,TRUE
"2974","進入",22,2,TRUE
"2975","進去",51,2,TRUE
"2976","進行",13,2,TRUE
"2977","進步",17,2,TRUE
"2978","進來",11,2,TRUE
"2979","進度",86,2,TRUE
"2980","量化",14,2,TRUE
"2981","開心",14,2,TRUE
"2982","開始",89,2,TRUE
"2983","開的",16,2,TRUE
"2984","開課",30,2,TRUE
"2985","開學",21,2,TRUE
"2986","間也",10,2,TRUE
"2987","間我",17,2,TRUE
"2988","間的",22,2,TRUE
"2989","階段",26,2,TRUE
"2990","順利",30,2,TRUE
"2991","順序",14,2,TRUE
"2992","順便",19,2,TRUE
"2993","傳統",12,2,TRUE
"2994","嗚嗚",13,2,TRUE
"2995","幹嘛",17,2,TRUE
"2996","微方",29,2,TRUE
"2997","想一",14,2,TRUE
"2998","想不",17,2,TRUE
"2999","想考",27,2,TRUE
"3000","想到",28,2,TRUE
"3001","想念",11,2,TRUE
"3002","想法",32,2,TRUE
"3003","想的",12,2,TRUE
"3004","想要",60,2,TRUE
"3005","想想",22,2,TRUE
"3006","想過",12,2,TRUE
"3007","想像",31,2,TRUE
"3008","想說",40,2,TRUE
"3009","意外",23,2,TRUE
"3010","意見",17,2,TRUE
"3011","意的",12,2,TRUE
"3012","意思",22,2,TRUE
"3013","意義",23,2,TRUE
"3014","意識",21,2,TRUE
"3015","愛考",17,2,TRUE
"3016","感想",16,2,TRUE
"3017","感謝",81,2,TRUE
"3018","感覺",53,2,TRUE
"3019","搞不",10,2,TRUE
"3020","搞懂",17,2,TRUE
"3021","搭配",35,2,TRUE
"3022","新的",27,2,TRUE
"3023","新論",11,2,TRUE
"3024","會一",17,2,TRUE
"3025","會了",14,2,TRUE
"3026","會上",28,2,TRUE
"3027","會不",10,2,TRUE
"3028","會出",19,2,TRUE
"3029","會去",26,2,TRUE
"3030","會用",26,2,TRUE
"3031","會先",12,2,TRUE
"3032","會再",11,2,TRUE
"3033","會在",24,2,TRUE
"3034","會有",64,2,TRUE
"3035","會考",30,2,TRUE
"3036","會把",12,2,TRUE
"3037","會更",16,2,TRUE
"3038","會的",23,2,TRUE
"3039","會很",46,2,TRUE
"3040","會是",20,2,TRUE
"3041","會看",13,2,TRUE
"3042","會做",12,2,TRUE
"3043","會問",15,2,TRUE
"3044","會教",10,2,TRUE
"3045","會被",21,2,TRUE
"3046","會這",10,2,TRUE
"3047","會想",14,2,TRUE
"3048","會跟",13,2,TRUE
"3049","會對",10,2,TRUE
"3050","會寫",16,2,TRUE
"3051","會講",12,2,TRUE
"3052","會變",15,2,TRUE
"3053","會讓",25,2,TRUE
"3054","楚的",10,2,TRUE
"3055","概念",72,2,TRUE
"3056","概論",17,2,TRUE
"3057","準備",168,2,TRUE
"3058","照著",11,2,TRUE
"3059","當下",29,2,TRUE
"3060","當天",29,2,TRUE
"3061","當代",17,2,TRUE
"3062","當作",24,2,TRUE
"3063","當你",24,2,TRUE
"3064","當兵",17,2,TRUE
"3065","當初",56,2,TRUE
"3066","當時",47,2,TRUE
"3067","當然",90,2,TRUE
"3068","碰到",13,2,TRUE
"3069","經有",11,2,TRUE
"3070","經過",10,2,TRUE
"3071","經歷",18,2,TRUE
"3072","經濟",40,2,TRUE
"3073","經驗",30,2,TRUE
"3074","義的",17,2,TRUE
"3075","腦袋",18,2,TRUE
"3076","落榜",51,2,TRUE
"3077","補充",55,2,TRUE
"3078","補完",21,2,TRUE
"3079","補的",12,2,TRUE
"3080","補習",68,2,TRUE
"3081","裡的",12,2,TRUE
"3082","裡面",48,2,TRUE
"3083","解他",10,2,TRUE
"3084","解出",10,2,TRUE
"3085","解決",23,2,TRUE
"3086","解法",10,2,TRUE
"3087","解答",34,2,TRUE
"3088","解題",48,2,TRUE
"3089","解釋",37,2,TRUE
"3090","詢問",14,2,TRUE
"3091","試了",10,2,TRUE
"3092","試不",10,2,TRUE
"3093","試的",15,2,TRUE
"3094","試時",11,2,TRUE
"3095","試著",24,2,TRUE
"3096","試題",11,2,TRUE
"3097","詮釋",11,2,TRUE
"3098","該不",10,2,TRUE
"3099","詳細",26,2,TRUE
"3100","詳解",12,2,TRUE
"3101","資工",56,2,TRUE
"3102","資料",44,2,TRUE
"3103","資訊",19,2,TRUE
"3104","資結",39,2,TRUE
"3105","資源",25,2,TRUE
"3106","資演",17,2,TRUE
"3107","資管",15,2,TRUE
"3108","資應",11,2,TRUE
"3109","跟上",14,2,TRUE
"3110","跟不",10,2,TRUE
"3111","跟台",14,2,TRUE
"3112","跟老",12,2,TRUE
"3113","跟你",14,2,TRUE
"3114","跟我",25,2,TRUE
"3115","跟其",10,2,TRUE
"3116","跟著",23,2,TRUE
"3117","跟學",11,2,TRUE
"3118","跨考",40,2,TRUE
"3119","路上",12,2,TRUE
"3120","跳過",25,2,TRUE
"3121","遇到",55,2,TRUE
"3122","運用",12,2,TRUE
"3123","運氣",17,2,TRUE
"3124","運動",24,2,TRUE
"3125","過一",21,2,TRUE
"3126","過了",21,2,TRUE
"3127","過去",36,2,TRUE
"3128","過年",16,2,TRUE
"3129","過來",14,2,TRUE
"3130","過兩",14,2,TRUE
"3131","過的",50,2,TRUE
"3132","過後",12,2,TRUE
"3133","過這",15,2,TRUE
"3134","過程",24,2,TRUE
"3135","道要",10,2,TRUE
"3136","隔天",17,2,TRUE
"3137","電力",21,2,TRUE
"3138","電子",62,2,TRUE
"3139","電控",10,2,TRUE
"3140","電腦",17,2,TRUE
"3141","電路",31,2,TRUE
"3142","電磁",41,2,TRUE
"3143","電機",33,2,TRUE
"3144","鼓勵",30,2,TRUE
"3145","像我",27,2,TRUE
"3146","像是",54,2,TRUE
"3147","團體",11,2,TRUE
"3148","夥伴",10,2,TRUE
"3149","實力",26,2,TRUE
"3150","實在",31,2,TRUE
"3151","實作",20,2,TRUE
"3152","實的",23,2,TRUE
"3153","實務",13,2,TRUE
"3154","實習",38,2,TRUE
"3155","實際",34,2,TRUE
"3156","對台",12,2,TRUE
"3157","對考",11,2,TRUE
"3158","對我",30,2,TRUE
"3159","對於",67,2,TRUE
"3160","對的",13,2,TRUE
"3161","對這",15,2,TRUE
"3162","對應",12,2,TRUE
"3163","態度",11,2,TRUE
"3164","慢的",10,2,TRUE
"3165","慢慢",44,2,TRUE
"3166","摘要",47,2,TRUE
"3167","榜了",10,2,TRUE
"3168","榜的",12,2,TRUE
"3169","榜單",15,2,TRUE
"3170","滿滿",11,2,TRUE
"3171","瘋狂",20,2,TRUE
"3172","盡力",11,2,TRUE
"3173","盡量",72,2,TRUE
"3174","睡覺",17,2,TRUE
"3175","碩士",10,2,TRUE
"3176","碩班",11,2,TRUE
"3177","種題",11,2,TRUE
"3178","算一",14,2,TRUE
"3179","算是",97,2,TRUE
"3180","算過",10,2,TRUE
"3181","管理",18,2,TRUE
"3182","精神",25,2,TRUE
"3183","精簡",15,2,TRUE
"3184","維持",21,2,TRUE
"3185","網站",12,2,TRUE
"3186","網路",18,2,TRUE
"3187","緊張",48,2,TRUE
"3188","臺大",17,2,TRUE
"3189","臺灣",14,2,TRUE
"3190","認為",11,2,TRUE
"3191","認真",85,2,TRUE
"3192","認識",35,2,TRUE
"3193","說一",12,2,TRUE
"3194","說不",18,2,TRUE
"3195","說有",10,2,TRUE
"3196","說我",23,2,TRUE
"3197","說明",23,2,TRUE
"3198","說法",17,2,TRUE
"3199","說的",53,2,TRUE
"3200","說是",22,2,TRUE
"3201","說這",13,2,TRUE
"3202","趕快",10,2,TRUE
"3203","輕鬆",27,2,TRUE
"3204","遞迴",19,2,TRUE
"3205","需要",77,2,TRUE
"3206","領域",28,2,TRUE
"3207","麼好",14,2,TRUE
"3208","麼樣",11,2,TRUE
"3209","價值",11,2,TRUE
"3210","劇史",12,2,TRUE
"3211","劇場",12,2,TRUE
"3212","厲害",15,2,TRUE
"3213","增加",18,2,TRUE
"3214","寫一",35,2,TRUE
"3215","寫了",48,2,TRUE
"3216","寫下",18,2,TRUE
"3217","寫不",23,2,TRUE
"3218","寫出",22,2,TRUE
"3219","寫在",13,2,TRUE
"3220","寫考",11,2,TRUE
"3221","寫作",12,2,TRUE
"3222","寫完",74,2,TRUE
"3223","寫到",31,2,TRUE
"3224","寫的",56,2,TRUE
"3225","寫得",31,2,TRUE
"3226","寫過",29,2,TRUE
"3227","寫題",11,2,TRUE
"3228","影片",13,2,TRUE
"3229","影響",36,2,TRUE
"3230","撐過",10,2,TRUE
"3231","數不",10,2,TRUE
"3232","數位",30,2,TRUE
"3233","數的",19,2,TRUE
"3234","數是",13,2,TRUE
"3235","數這",10,2,TRUE
"3236","數學",150,2,TRUE
"3237","標準",18,2,TRUE
"3238","模式",19,2,TRUE
"3239","模擬",13,2,TRUE
"3240","樣的",20,2,TRUE
"3241","熟的",13,2,TRUE
"3242","熟悉",49,2,TRUE
"3243","熟練",19,2,TRUE
"3244","熱傳",13,2,TRUE
"3245","確定",31,2,TRUE
"3246","確保",11,2,TRUE
"3247","確實",16,2,TRUE
"3248","確認",10,2,TRUE
"3249","範圍",36,2,TRUE
"3250","線上",20,2,TRUE
"3251","線代",69,2,TRUE
"3252","練到",15,2,TRUE
"3253","練習",64,2,TRUE
"3254","衝刺",28,2,TRUE
"3255","複習",161,2,TRUE
"3256","複雜",21,2,TRUE
"3257","複變",28,2,TRUE
"3258","課本",70,2,TRUE
"3259","課的",12,2,TRUE
"3260","課前",10,2,TRUE
"3261","課後",10,2,TRUE
"3262","課堂",13,2,TRUE
"3263","課就",10,2,TRUE
"3264","課程",54,2,TRUE
"3265","調整",21,2,TRUE
"3266","請教",12,2,TRUE
"3267","論文",49,2,TRUE
"3268","論的",14,2,TRUE
"3269","論是",12,2,TRUE
"3270","論述",23,2,TRUE
"3271","適合",34,2,TRUE
"3272","閱讀",42,2,TRUE
"3273","學一",15,2,TRUE
"3274","學了",12,2,TRUE
"3275","學不",14,2,TRUE
"3276","學分",10,2,TRUE
"3277","學生",68,2,TRUE
"3278","學有",11,2,TRUE
"3279","學考",13,2,TRUE
"3280","學我",12,2,TRUE
"3281","學系",17,2,TRUE
"3282","學到",28,2,TRUE
"3283","學的",61,2,TRUE
"3284","學長",33,2,TRUE
"3285","學是",15,2,TRUE
"3286","學校",112,2,TRUE
"3287","學習",51,2,TRUE
"3288","學術",19,2,TRUE
"3289","學都",10,2,TRUE
"3290","學就",11,2,TRUE
"3291","學期",45,2,TRUE
"3292","學會",15,2,TRUE
"3293","學過",17,2,TRUE
"3294","學與",12,2,TRUE
"3295","學說",15,2,TRUE
"3296","學歷",14,2,TRUE
"3297","導致",27,2,TRUE
"3298","導論",10,2,TRUE
"3299","憲法",57,2,TRUE
"3300","戰友",39,2,TRUE
"3301","操作",15,2,TRUE
"3302","擔心",23,2,TRUE
"3303","整天",15,2,TRUE
"3304","整本",16,2,TRUE
"3305","整個",47,2,TRUE
"3306","整理",79,2,TRUE
"3307","整體",20,2,TRUE
"3308","機制",10,2,TRUE
"3309","機的",16,2,TRUE
"3310","機械",24,2,TRUE
"3311","機率",22,2,TRUE
"3312","機會",13,2,TRUE
"3313","歷史",15,2,TRUE
"3314","歷年",11,2,TRUE
"3315","歷屆",16,2,TRUE
"3316","歷程",11,2,TRUE
"3317","積分",15,2,TRUE
"3318","興趣",21,2,TRUE
"3319","輸送",14,2,TRUE
"3320","辦法",10,2,TRUE
"3321","選考",11,2,TRUE
"3322","選擇",87,2,TRUE
"3323","錄取",23,2,TRUE
"3324","錯了",11,2,TRUE
"3325","錯的",12,2,TRUE
"3326","錯誤",24,2,TRUE
"3327","隨便",13,2,TRUE
"3328","隨機",11,2,TRUE
"3329","默寫",25,2,TRUE
"3330","優勢",12,2,TRUE
"3331","壓力",47,2,TRUE
"3332","壓縮",11,2,TRUE
"3333","幫忙",27,2,TRUE
"3334","幫你",14,2,TRUE
"3335","幫助",65,2,TRUE
"3336","幫我",18,2,TRUE
"3337","懂了",11,2,TRUE
"3338","懂的",12,2,TRUE
"3339","應付",13,2,TRUE
"3340","應用",27,2,TRUE
"3341","應考",11,2,TRUE
"3342","應屆",23,2,TRUE
"3343","應該",75,2,TRUE
"3344","戲劇",42,2,TRUE
"3345","檢查",18,2,TRUE
"3346","檢討",18,2,TRUE
"3347","獲得",10,2,TRUE
"3348","環境",14,2,TRUE
"3349","總之",21,2,TRUE
"3350","總分",61,2,TRUE
"3351","總共",12,2,TRUE
"3352","總是",14,2,TRUE
"3353","總結",14,2,TRUE
"3354","總體",14,2,TRUE
"3355","聯的",11,2,TRUE
"3356","舉例",23,2,TRUE
"3357","講到",13,2,TRUE
"3358","講的",26,2,TRUE
"3359","講得",17,2,TRUE
"3360","講義",86,2,TRUE
"3361","謝謝",81,2,TRUE
"3362","趨勢",10,2,TRUE
"3363","避免",11,2,TRUE
"3364","還不",18,2,TRUE
"3365","還在",17,2,TRUE
"3366","還好",25,2,TRUE
"3367","還有",174,2,TRUE
"3368","還沒",42,2,TRUE
"3369","還是",127,2,TRUE
"3370","還要",31,2,TRUE
"3371","還會",18,2,TRUE
"3372","還算",13,2,TRUE
"3373","還願",10,2,TRUE
"3374","還蠻",14,2,TRUE
"3375","雖然",119,2,TRUE
"3376","點不",14,2,TRUE
"3377","點我",10,2,TRUE
"3378","點的",25,2,TRUE
"3379","點是",19,2,TRUE
"3380","點都",12,2,TRUE
"3381","點開",10,2,TRUE
"3382","簡單",44,2,TRUE
"3383","翻過",13,2,TRUE
"3384","翻譯",13,2,TRUE
"3385","轉換",22,2,TRUE
"3386","轉學",10,2,TRUE
"3387","釐清",11,2,TRUE
"3388","雜的",10,2,TRUE
"3389","離散",31,2,TRUE
"3390","題一",15,2,TRUE
"3391","題了",19,2,TRUE
"3392","題上",10,2,TRUE
"3393","題也",24,2,TRUE
"3394","題大",14,2,TRUE
"3395","題不",15,2,TRUE
"3396","題目",164,2,TRUE
"3397","題我",29,2,TRUE
"3398","題技",10,2,TRUE
"3399","題來",11,2,TRUE
"3400","題的",45,2,TRUE
"3401","題型",22,2,TRUE
"3402","題是",14,2,TRUE
"3403","題庫",60,2,TRUE
"3404","題時",16,2,TRUE
"3405","題都",25,2,TRUE
"3406","題就",21,2,TRUE
"3407","題會",13,2,TRUE
"3408","題寫",15,2,TRUE
"3409","額外",11,2,TRUE
"3410","鬆的",11,2,TRUE
"3411","懷疑",17,2,TRUE
"3412","穩定",14,2,TRUE
"3413","穩穩",11,2,TRUE
"3414","證明",41,2,TRUE
"3415","識的",13,2,TRUE
"3416","邊的",18,2,TRUE
"3417","邊緣",10,2,TRUE
"3418","關心",10,2,TRUE
"3419","關於",56,2,TRUE
"3420","關注",11,2,TRUE
"3421","關係",14,2,TRUE
"3422","關鍵",33,2,TRUE
"3423","難的",29,2,TRUE
"3424","難度",24,2,TRUE
"3425","難題",21,2,TRUE
"3426","願意",20,2,TRUE
"3427","類比",11,2,TRUE
"3428","類型",16,2,TRUE
"3429","繼續",38,2,TRUE
"3430","覺得",18,2,TRUE
"3431","議題",28,2,TRUE
"3432","釋字",16,2,TRUE
"3433","屬於",13,2,TRUE
"3434","犧牲",10,2,TRUE
"3435","權力",11,2,TRUE
"3436","歡迎",12,2,TRUE
"3437","聽一",14,2,TRUE
"3438","聽完",21,2,TRUE
"3439","聽到",28,2,TRUE
"3440","聽說",20,2,TRUE
"3441","聽聽",11,2,TRUE
"3442","讀一",16,2,TRUE
"3443","讀了",20,2,TRUE
"3444","讀不",11,2,TRUE
"3445","讀完",37,2,TRUE
"3446","讀到",33,2,TRUE
"3447","讀的",37,2,TRUE
"3448","讀書",54,2,TRUE
"3449","讀過",16,2,TRUE
"3450","變化",21,2,TRUE
"3451","變成",27,2,TRUE
"3452","變得",13,2,TRUE
"3453","邏輯",27,2,TRUE
"3454","驗算",10,2,TRUE
"3455","體系",20,2,TRUE
"3456","體的",26,2,TRUE
"3457","讓人",13,2,TRUE
"3458","讓你",38,2,TRUE
"3459","讓我",102,2,TRUE
"3460","蠻多",13,2,TRUE
"3461","蠻有",11,2,TRUE
"3462","觀念",118,2,TRUE
"3463","Ｑ",19,1,TRUE
"3464","ㄧ",19,1,TRUE
"3465","乙",31,1,TRUE
"3466","丁",11,1,TRUE
"3467","七",31,1,TRUE
"3468","九",26,1,TRUE
"3469","二",119,1,TRUE
"3470","入",64,1,TRUE
"3471","八",54,1,TRUE
"3472","力",64,1,TRUE
"3473","十",57,1,TRUE
"3474","三",156,1,TRUE
"3475","久",45,1,TRUE
"3476","口",41,1,TRUE
"3477","土",21,1,TRUE
"3478","士",15,1,TRUE
"3479","女",11,1,TRUE
"3480","子",104,1,TRUE
"3481","工",37,1,TRUE
"3482","中",233,1,TRUE
"3483","五",84,1,TRUE
"3484","介",18,1,TRUE
"3485","元",15,1,TRUE
"3486","內",62,1,TRUE
"3487","公",26,1,TRUE
"3488","六",46,1,TRUE
"3489","分",188,1,TRUE
"3490","切",51,1,TRUE
"3491","化",64,1,TRUE
"3492","升",13,1,TRUE
"3493","午",13,1,TRUE
"3494","友",25,1,TRUE
"3495","反",74,1,TRUE
"3496","天",123,1,TRUE
"3497","太",84,1,TRUE
"3498","少",120,1,TRUE
"3499","引",16,1,TRUE
"3500","心",126,1,TRUE
"3501","手",103,1,TRUE
"3502","支",11,1,TRUE
"3503","文",82,1,TRUE
"3504","日",63,1,TRUE
"3505","月",61,1,TRUE
"3506","止",18,1,TRUE
"3507","水",37,1,TRUE
"3508","父",15,1,TRUE
"3509","片",24,1,TRUE
"3510","王",66,1,TRUE
"3511","世",18,1,TRUE
"3512","主",28,1,TRUE
"3513","乏",13,1,TRUE
"3514","付",10,1,TRUE
"3515","代",70,1,TRUE
"3516","充",35,1,TRUE
"3517","出",100,1,TRUE
"3518","功",32,1,TRUE
"3519","加",77,1,TRUE
"3520","包",34,1,TRUE
"3521","北",30,1,TRUE
"3522","半",68,1,TRUE
"3523","卡",31,1,TRUE
"3524","古",20,1,TRUE
"3525","句",15,1,TRUE
"3526","史",34,1,TRUE
"3527","四",94,1,TRUE
"3528","外",159,1,TRUE
"3529","失",38,1,TRUE
"3530","市",12,1,TRUE
"3531","平",53,1,TRUE
"3532","必",24,1,TRUE
"3533","未",23,1,TRUE
"3534","正",100,1,TRUE
"3535","母",32,1,TRUE
"3536","民",44,1,TRUE
"3537","犯",19,1,TRUE
"3538","生",134,1,TRUE
"3539","甲",30,1,TRUE
"3540","白",49,1,TRUE
"3541","皮",13,1,TRUE
"3542","示",19,1,TRUE
"3543","立",63,1,TRUE
"3544","丟",12,1,TRUE
"3545","交",85,1,TRUE
"3546","件",20,1,TRUE
"3547","份",44,1,TRUE
"3548","企",18,1,TRUE
"3549","休",15,1,TRUE
"3550","先",107,1,TRUE
"3551","光",37,1,TRUE
"3552","全",136,1,TRUE
"3553","共",39,1,TRUE
"3554","刑",12,1,TRUE
"3555","列",20,1,TRUE
"3556","印",18,1,TRUE
"3557","危",12,1,TRUE
"3558","吃",68,1,TRUE
"3559","合",68,1,TRUE
"3560","名",77,1,TRUE
"3561","回",57,1,TRUE
"3562","字",88,1,TRUE
"3563","存",14,1,TRUE
"3564","安",56,1,TRUE
"3565","式",22,1,TRUE
"3566","忙",15,1,TRUE
"3567","成",133,1,TRUE
"3568","扣",24,1,TRUE
"3569","收",50,1,TRUE
"3570","早",74,1,TRUE
"3571","曲",12,1,TRUE
"3572","次",26,1,TRUE
"3573","死",49,1,TRUE
"3574","百",31,1,TRUE
"3575","老",13,1,TRUE
"3576","色",20,1,TRUE
"3577","行",66,1,TRUE
"3578","西",38,1,TRUE
"3579","串",15,1,TRUE
"3580","估",28,1,TRUE
"3581","似",10,1,TRUE
"3582","位",99,1,TRUE
"3583","低",36,1,TRUE
"3584","住",55,1,TRUE
"3585","佔",10,1,TRUE
"3586","佛",27,1,TRUE
"3587","作",57,1,TRUE
"3588","克",16,1,TRUE
"3589","免",14,1,TRUE
"3590","兵",15,1,TRUE
"3591","冷",11,1,TRUE
"3592","判",13,1,TRUE
"3593","別",49,1,TRUE
"3594","利",31,1,TRUE
"3595","助",39,1,TRUE
"3596","君",13,1,TRUE
"3597","否",12,1,TRUE
"3598","含",12,1,TRUE
"3599","吳",10,1,TRUE
"3600","告",12,1,TRUE
"3601","均",10,1,TRUE
"3602","坐",26,1,TRUE
"3603","宏",19,1,TRUE
"3604","尾",12,1,TRUE
"3605","序",29,1,TRUE
"3606","弄",27,1,TRUE
"3607","形",32,1,TRUE
"3608","忍",10,1,TRUE
"3609","志",46,1,TRUE
"3610","快",60,1,TRUE
"3611","找",91,1,TRUE
"3612","抄",54,1,TRUE
"3613","抓",58,1,TRUE
"3614","投",15,1,TRUE
"3615","改",54,1,TRUE
"3616","攻",15,1,TRUE
"3617","更",82,1,TRUE
"3618","李",48,1,TRUE
"3619","材",11,1,TRUE
"3620","步",31,1,TRUE
"3621","求",46,1,TRUE
"3622","決",26,1,TRUE
"3623","沈",11,1,TRUE
"3624","沉",10,1,TRUE
"3625","狂",28,1,TRUE
"3626","男",10,1,TRUE
"3627","私",21,1,TRUE
"3628","系",78,1,TRUE
"3629","良",21,1,TRUE
"3630","見",40,1,TRUE
"3631","角",10,1,TRUE
"3632","言",58,1,TRUE
"3633","走",85,1,TRUE
"3634","足",19,1,TRUE
"3635","身",66,1,TRUE
"3636","車",22,1,TRUE
"3637","並",79,1,TRUE
"3638","乖",12,1,TRUE
"3639","事",41,1,TRUE
"3640","亞",11,1,TRUE
"3641","佳",18,1,TRUE
"3642","例",92,1,TRUE
"3643","供",18,1,TRUE
"3644","具",18,1,TRUE
"3645","典",18,1,TRUE
"3646","初",41,1,TRUE
"3647","制",16,1,TRUE
"3648","刷",17,1,TRUE
"3649","刻",21,1,TRUE
"3650","協",13,1,TRUE
"3651","卷",39,1,TRUE
"3652","受",69,1,TRUE
"3653","周",54,1,TRUE
"3654","命",36,1,TRUE
"3655","夜",10,1,TRUE
"3656","奇",21,1,TRUE
"3657","妹",19,1,TRUE
"3658","姊",12,1,TRUE
"3659","季",10,1,TRUE
"3660","宗",19,1,TRUE
"3661","官",10,1,TRUE
"3662","定",54,1,TRUE
"3663","宜",11,1,TRUE
"3664","居",11,1,TRUE
"3665","屆",13,1,TRUE
"3666","幸",28,1,TRUE
"3667","底",21,1,TRUE
"3668","延",14,1,TRUE
"3669","忠",12,1,TRUE
"3670","念",29,1,TRUE
"3671","忽",16,1,TRUE
"3672","怕",44,1,TRUE
"3673","性",98,1,TRUE
"3674","怪",27,1,TRUE
"3675","承",28,1,TRUE
"3676","抱",40,1,TRUE
"3677","抽",22,1,TRUE
"3678","拉",37,1,TRUE
"3679","拖",17,1,TRUE
"3680","拚",14,1,TRUE
"3681","招",12,1,TRUE
"3682","放",30,1,TRUE
"3683","於",76,1,TRUE
"3684","昌",10,1,TRUE
"3685","明",86,1,TRUE
"3686","易",37,1,TRUE
"3687","服",28,1,TRUE
"3688","東",21,1,TRUE
"3689","板",41,1,TRUE
"3690","林",49,1,TRUE
"3691","果",139,1,TRUE
"3692","況",15,1,TRUE
"3693","波",38,1,TRUE
"3694","注",29,1,TRUE
"3695","爬",18,1,TRUE
"3696","爭",14,1,TRUE
"3697","版",78,1,TRUE
"3698","物",54,1,TRUE
"3699","玩",72,1,TRUE
"3700","盲",11,1,TRUE
"3701","直",14,1,TRUE
"3702","知",51,1,TRUE
"3703","社",17,1,TRUE
"3704","空",38,1,TRUE
"3705","股",11,1,TRUE
"3706","花",52,1,TRUE
"3707","表",48,1,TRUE
"3708","近",74,1,TRUE
"3709","邱",10,1,TRUE
"3710","金",48,1,TRUE
"3711","長",51,1,TRUE
"3712","門",51,1,TRUE
"3713","附",18,1,TRUE
"3714","青",12,1,TRUE
"3715","非",68,1,TRUE
"3716","亮",12,1,TRUE
"3717","便",34,1,TRUE
"3718","保",33,1,TRUE
"3719","信",58,1,TRUE
"3720","則",36,1,TRUE
"3721","前",92,1,TRUE
"3722","勇",11,1,TRUE
"3723","南",26,1,TRUE
"3724","卻",59,1,TRUE
"3725","厚",11,1,TRUE
"3726","品",22,1,TRUE
"3727","型",12,1,TRUE
"3728","威",11,1,TRUE
"3729","室",19,1,TRUE
"3730","度",57,1,TRUE
"3731","建",19,1,TRUE
"3732","律",20,1,TRUE
"3733","後",12,1,TRUE
"3734","思",29,1,TRUE
"3735","急",12,1,TRUE
"3736","拜",23,1,TRUE
"3737","括",12,1,TRUE
"3738","拼",17,1,TRUE
"3739","持",17,1,TRUE
"3740","指",34,1,TRUE
"3741","挑",28,1,TRUE
"3742","政",17,1,TRUE
"3743","施",14,1,TRUE
"3744","星",34,1,TRUE
"3745","映",11,1,TRUE
"3746","查",32,1,TRUE
"3747","段",30,1,TRUE
"3748","洋",12,1,TRUE
"3749","洗",17,1,TRUE
"3750","洞",10,1,TRUE
"3751","洪",17,1,TRUE
"3752","活",26,1,TRUE
"3753","派",29,1,TRUE
"3754","流",77,1,TRUE
"3755","炸",15,1,TRUE
"3756","為",44,1,TRUE
"3757","甚",59,1,TRUE
"3758","界",32,1,TRUE
"3759","省",26,1,TRUE
"3760","研",23,1,TRUE
"3761","秒",24,1,TRUE
"3762","突",19,1,TRUE
"3763","紀",14,1,TRUE
"3764","約",45,1,TRUE
"3765","紅",17,1,TRUE
"3766","美",43,1,TRUE
"3767","背",128,1,TRUE
"3768","英",27,1,TRUE
"3769","訂",12,1,TRUE
"3770","計",12,1,TRUE
"3771","負",24,1,TRUE
"3772","軍",12,1,TRUE
"3773","迫",16,1,TRUE
"3774","述",48,1,TRUE
"3775","重",87,1,TRUE
"3776","降",11,1,TRUE
"3777","限",24,1,TRUE
"3778","面",53,1,TRUE
"3779","音",46,1,TRUE
"3780","頁",35,1,TRUE
"3781","風",31,1,TRUE
"3782","飛",15,1,TRUE
"3783","首",34,1,TRUE
"3784","修",74,1,TRUE
"3785","倍",16,1,TRUE
"3786","倒",21,1,TRUE
"3787","值",41,1,TRUE
"3788","兼",10,1,TRUE
"3789","剛",31,1,TRUE
"3790","原",47,1,TRUE
"3791","員",28,1,TRUE
"3792","哥",21,1,TRUE
"3793","哭",17,1,TRUE
"3794","唐",12,1,TRUE
"3795","套",23,1,TRUE
"3796","孫",14,1,TRUE
"3797","害",17,1,TRUE
"3798","家",159,1,TRUE
"3799","容",10,1,TRUE
"3800","展",17,1,TRUE
"3801","差",55,1,TRUE
"3802","師",19,1,TRUE
"3803","座",13,1,TRUE
"3804","庭",10,1,TRUE
"3805","弱",35,1,TRUE
"3806","徐",13,1,TRUE
"3807","恐",15,1,TRUE
"3808","息",11,1,TRUE
"3809","悟",18,1,TRUE
"3810","振",10,1,TRUE
"3811","挺",15,1,TRUE
"3812","效",23,1,TRUE
"3813","料",12,1,TRUE
"3814","時",123,1,TRUE
"3815","晉",15,1,TRUE
"3816","校",36,1,TRUE
"3817","根",19,1,TRUE
"3818","格",43,1,TRUE
"3819","案",18,1,TRUE
"3820","桌",13,1,TRUE
"3821","氣",57,1,TRUE
"3822","浮",11,1,TRUE
"3823","海",23,1,TRUE
"3824","消",21,1,TRUE
"3825","特",30,1,TRUE
"3826","班",24,1,TRUE
"3827","留",42,1,TRUE
"3828","疲",13,1,TRUE
"3829","益",29,1,TRUE
"3830","真",26,1,TRUE
"3831","砲",10,1,TRUE
"3832","破",19,1,TRUE
"3833","祝",33,1,TRUE
"3834","神",65,1,TRUE
"3835","笑",45,1,TRUE
"3836","純",26,1,TRUE
"3837","紙",35,1,TRUE
"3838","級",39,1,TRUE
"3839","素",17,1,TRUE
"3840","索",14,1,TRUE
"3841","缺",42,1,TRUE
"3842","般",24,1,TRUE
"3843","訊",18,1,TRUE
"3844","討",24,1,TRUE
"3845","記",69,1,TRUE
"3846","財",34,1,TRUE
"3847","迴",11,1,TRUE
"3848","迷",10,1,TRUE
"3849","追",25,1,TRUE
"3850","退",11,1,TRUE
"3851","送",20,1,TRUE
"3852","配",17,1,TRUE
"3853","院",18,1,TRUE
"3854","陣",16,1,TRUE
"3855","馬",31,1,TRUE
"3856","高",110,1,TRUE
"3857","鬥",10,1,TRUE
"3858","乾",11,1,TRUE
"3859","假",19,1,TRUE
"3860","偉",19,1,TRUE
"3861","偏",55,1,TRUE
"3862","做",110,1,TRUE
"3863","停",24,1,TRUE
"3864","健",16,1,TRUE
"3865","偷",18,1,TRUE
"3866","動",55,1,TRUE
"3867","務",10,1,TRUE
"3868","區",25,1,TRUE
"3869","參",24,1,TRUE
"3870","唸",72,1,TRUE
"3871","啃",13,1,TRUE
"3872","商",30,1,TRUE
"3873","問",129,1,TRUE
"3874","啟",10,1,TRUE
"3875","國",74,1,TRUE
"3876","基",20,1,TRUE
"3877","堂",31,1,TRUE
"3878","堆",10,1,TRUE
"3879","夠",22,1,TRUE
"3880","密",16,1,TRUE
"3881","將",89,1,TRUE
"3882","專",24,1,TRUE
"3883","帶",97,1,TRUE
"3884","常",56,1,TRUE
"3885","康",10,1,TRUE
"3886","張",110,1,TRUE
"3887","強",74,1,TRUE
"3888","從",142,1,TRUE
"3889","情",32,1,TRUE
"3890","捨",10,1,TRUE
"3891","捷",12,1,TRUE
"3892","掃",12,1,TRUE
"3893","掉",94,1,TRUE
"3894","排",47,1,TRUE
"3895","採",11,1,TRUE
"3896","探",12,1,TRUE
"3897","接",34,1,TRUE
"3898","推",104,1,TRUE
"3899","敏",12,1,TRUE
"3900","救",26,1,TRUE
"3901","敘",11,1,TRUE
"3902","教",76,1,TRUE
"3903","晚",40,1,TRUE
"3904","條",30,1,TRUE
"3905","棄",15,1,TRUE
"3906","殺",19,1,TRUE
"3907","深",45,1,TRUE
"3908","混",26,1,TRUE
"3909","淺",15,1,TRUE
"3910","清",33,1,TRUE
"3911","爽",17,1,TRUE
"3912","猛",20,1,TRUE
"3913","猜",35,1,TRUE
"3914","率",36,1,TRUE
"3915","現",17,1,TRUE
"3916","球",23,1,TRUE
"3917","理",10,1,TRUE
"3918","產",29,1,TRUE
"3919","略",37,1,TRUE
"3920","異",22,1,TRUE
"3921","疏",10,1,TRUE
"3922","眼",39,1,TRUE
"3923","眾",11,1,TRUE
"3924","票",18,1,TRUE
"3925","移",14,1,TRUE
"3926","章",51,1,TRUE
"3927","累",29,1,TRUE
"3928","細",19,1,TRUE
"3929","終",13,1,TRUE
"3930","組",70,1,TRUE
"3931","統",28,1,TRUE
"3932","聊",28,1,TRUE
"3933","莫",12,1,TRUE
"3934","處",38,1,TRUE
"3935","術",12,1,TRUE
"3936","規",28,1,TRUE
"3937","訣",10,1,TRUE
"3938","設",16,1,TRUE
"3939","許",48,1,TRUE
"3940","貫",20,1,TRUE
"3941","途",12,1,TRUE
"3942","通",84,1,TRUE
"3943","速",17,1,TRUE
"3944","造",16,1,TRUE
"3945","連",73,1,TRUE
"3946","部",69,1,TRUE
"3947","郭",13,1,TRUE
"3948","陳",78,1,TRUE
"3949","陷",14,1,TRUE
"3950","頂",10,1,TRUE
"3951","備",79,1,TRUE
"3952","創",27,1,TRUE
"3953","勝",26,1,TRUE
"3954","勞",17,1,TRUE
"3955","善",14,1,TRUE
"3956","喔",21,1,TRUE
"3957","喜",16,1,TRUE
"3958","單",30,1,TRUE
"3959","報",50,1,TRUE
"3960","場",72,1,TRUE
"3961","富",15,1,TRUE
"3962","尋",22,1,TRUE
"3963","幅",10,1,TRUE
"3964","幾",57,1,TRUE
"3965","復",13,1,TRUE
"3966","循",12,1,TRUE
"3967","悲",11,1,TRUE
"3968","惠",17,1,TRUE
"3969","惡",13,1,TRUE
"3970","掰",16,1,TRUE
"3971","提",56,1,TRUE
"3972","揚",13,1,TRUE
"3973","換",37,1,TRUE
"3974","敢",12,1,TRUE
"3975","散",17,1,TRUE
"3976","斯",12,1,TRUE
"3977","普",37,1,TRUE
"3978","智",35,1,TRUE
"3979","期",55,1,TRUE
"3980","森",10,1,TRUE
"3981","減",15,1,TRUE
"3982","測",24,1,TRUE
"3983","湊",13,1,TRUE
"3984","無",146,1,TRUE
"3985","焦",10,1,TRUE
"3986","畫",27,1,TRUE
"3987","發",98,1,TRUE
"3988","短",42,1,TRUE
"3989","硬",30,1,TRUE
"3990","程",35,1,TRUE
"3991","稍",11,1,TRUE
"3992","筆",34,1,TRUE
"3993","答",33,1,TRUE
"3994","結",28,1,TRUE
"3995","絕",11,1,TRUE
"3996","給",85,1,TRUE
"3997","舒",13,1,TRUE
"3998","華",23,1,TRUE
"3999","著",202,1,TRUE
"4000","虛",14,1,TRUE
"4001","視",21,1,TRUE
"4002","註",19,1,TRUE
"4003","評",26,1,TRUE
"4004","詞",27,1,TRUE
"4005","象",32,1,TRUE
"4006","貴",21,1,TRUE
"4007","買",56,1,TRUE
"4008","費",30,1,TRUE
"4009","貼",23,1,TRUE
"4010","超",85,1,TRUE
"4011","越",47,1,TRUE
"4012","跑",46,1,TRUE
"4013","週",40,1,TRUE
"4014","進",76,1,TRUE
"4015","量",50,1,TRUE
"4016","開",22,1,TRUE
"4017","閒",17,1,TRUE
"4018","陽",24,1,TRUE
"4019","隊",25,1,TRUE
"4020","階",16,1,TRUE
"4021","雄",15,1,TRUE
"4022","集",43,1,TRUE
"4023","項",43,1,TRUE
"4024","順",40,1,TRUE
"4025","黃",40,1,TRUE
"4026","黑",18,1,TRUE
"4027","亂",53,1,TRUE
"4028","傳",28,1,TRUE
"4029","債",37,1,TRUE
"4030","傷",13,1,TRUE
"4031","傻",20,1,TRUE
"4032","僅",31,1,TRUE
"4033","嗎",57,1,TRUE
"4034","嗚",12,1,TRUE
"4035","塊",17,1,TRUE
"4036","媽",19,1,TRUE
"4037","幹",24,1,TRUE
"4038","微",26,1,TRUE
"4039","想",96,1,TRUE
"4040","愈",11,1,TRUE
"4041","意",48,1,TRUE
"4042","愛",36,1,TRUE
"4043","感",56,1,TRUE
"4044","慌",18,1,TRUE
"4045","搜",19,1,TRUE
"4046","搞",26,1,TRUE
"4047","新",94,1,TRUE
"4048","暗",12,1,TRUE
"4049","楊",17,1,TRUE
"4050","業",42,1,TRUE
"4051","極",37,1,TRUE
"4052","源",15,1,TRUE
"4053","溫",13,1,TRUE
"4054","滑",15,1,TRUE
"4055","煩",24,1,TRUE
"4056","瑞",10,1,TRUE
"4057","當",98,1,TRUE
"4058","碎",11,1,TRUE
"4059","碰",34,1,TRUE
"4060","節",28,1,TRUE
"4061","經",39,1,TRUE
"4062","罪",18,1,TRUE
"4063","置",20,1,TRUE
"4064","群",42,1,TRUE
"4065","聖",21,1,TRUE
"4066","腦",33,1,TRUE
"4067","腳",17,1,TRUE
"4068","萬",19,1,TRUE
"4069","落",31,1,TRUE
"4070","葉",24,1,TRUE
"4071","董",12,1,TRUE
"4072","號",47,1,TRUE
"4073","裕",10,1,TRUE
"4074","補",91,1,TRUE
"4075","裝",18,1,TRUE
"4076","裡",36,1,TRUE
"4077","解",71,1,TRUE
"4078","試",13,1,TRUE
"4079","詩",21,1,TRUE
"4080","話",59,1,TRUE
"4081","該",69,1,TRUE
"4082","詳",15,1,TRUE
"4083","誠",15,1,TRUE
"4084","跨",26,1,TRUE
"4085","路",27,1,TRUE
"4086","跳",21,1,TRUE
"4087","較",42,1,TRUE
"4088","逼",12,1,TRUE
"4089","遇",10,1,TRUE
"4090","遊",14,1,TRUE
"4091","運",32,1,TRUE
"4092","遍",37,1,TRUE
"4093","過",65,1,TRUE
"4094","道",32,1,TRUE
"4095","達",31,1,TRUE
"4096","酬",11,1,TRUE
"4097","隔",21,1,TRUE
"4098","零",24,1,TRUE
"4099","電",36,1,TRUE
"4100","預",50,1,TRUE
"4101","嘗",10,1,TRUE
"4102","圖",77,1,TRUE
"4103","團",13,1,TRUE
"4104","境",12,1,TRUE
"4105","夢",19,1,TRUE
"4106","察",11,1,TRUE
"4107","實",29,1,TRUE
"4108","寧",18,1,TRUE
"4109","對",189,1,TRUE
"4110","廖",10,1,TRUE
"4111","態",14,1,TRUE
"4112","慘",31,1,TRUE
"4113","慢",51,1,TRUE
"4114","摘",22,1,TRUE
"4115","摸",16,1,TRUE
"4116","構",13,1,TRUE
"4117","歌",12,1,TRUE
"4118","滿",109,1,TRUE
"4119","漏",22,1,TRUE
"4120","演",28,1,TRUE
"4121","漢",14,1,TRUE
"4122","漸",19,1,TRUE
"4123","疑",24,1,TRUE
"4124","盡",54,1,TRUE
"4125","睡",61,1,TRUE
"4126","碩",12,1,TRUE
"4127","福",18,1,TRUE
"4128","種",30,1,TRUE
"4129","稱",14,1,TRUE
"4130","算",184,1,TRUE
"4131","精",43,1,TRUE
"4132","維",19,1,TRUE
"4133","綱",18,1,TRUE
"4134","網",22,1,TRUE
"4135","緒",18,1,TRUE
"4136","聞",11,1,TRUE
"4137","與",296,1,TRUE
"4138","語",52,1,TRUE
"4139","誤",16,1,TRUE
"4140","說",142,1,TRUE
"4141","趕",26,1,TRUE
"4142","輔",21,1,TRUE
"4143","輕",14,1,TRUE
"4144","遠",29,1,TRUE
"4145","障",11,1,TRUE
"4146","需",17,1,TRUE
"4147","領",32,1,TRUE
"4148","齊",16,1,TRUE
"4149","價",13,1,TRUE
"4150","劇",35,1,TRUE
"4151","劉",30,1,TRUE
"4152","嘴",19,1,TRUE
"4153","增",14,1,TRUE
"4154","審",26,1,TRUE
"4155","寫",26,1,TRUE
"4156","層",22,1,TRUE
"4157","廢",41,1,TRUE
"4158","廣",16,1,TRUE
"4159","影",25,1,TRUE
"4160","徵",10,1,TRUE
"4161","德",35,1,TRUE
"4162","慰",11,1,TRUE
"4163","慶",26,1,TRUE
"4164","憂",10,1,TRUE
"4165","撐",21,1,TRUE
"4166","撞",14,1,TRUE
"4167","數",76,1,TRUE
"4168","樂",32,1,TRUE
"4169","標",43,1,TRUE
"4170","模",37,1,TRUE
"4171","歐",24,1,TRUE
"4172","毅",15,1,TRUE
"4173","熟",20,1,TRUE
"4174","熬",14,1,TRUE
"4175","熱",39,1,TRUE
"4176","獎",21,1,TRUE
"4177","盤",10,1,TRUE
"4178","確",17,1,TRUE
"4179","碼",18,1,TRUE
"4180","稿",10,1,TRUE
"4181","範",15,1,TRUE
"4182","篇",19,1,TRUE
"4183","糊",16,1,TRUE
"4184","線",19,1,TRUE
"4185","編",45,1,TRUE
"4186","練",53,1,TRUE
"4187","蔡",13,1,TRUE
"4188","衝",23,1,TRUE
"4189","複",10,1,TRUE
"4190","誰",15,1,TRUE
"4191","課",56,1,TRUE
"4192","調",45,1,TRUE
"4193","談",30,1,TRUE
"4194","請",130,1,TRUE
"4195","論",82,1,TRUE
"4196","賣",10,1,TRUE
"4197","質",39,1,TRUE
"4198","賭",11,1,TRUE
"4199","踏",14,1,TRUE
"4200","輩",13,1,TRUE
"4201","輪",19,1,TRUE
"4202","適",19,1,TRUE
"4203","鄭",10,1,TRUE
"4204","閱",14,1,TRUE
"4205","養",13,1,TRUE
"4206","餘",20,1,TRUE
"4207","魯",15,1,TRUE
"4208","黎",10,1,TRUE
"4209","儒",13,1,TRUE
"4210","儘",10,1,TRUE
"4211","器",50,1,TRUE
"4212","壁",14,1,TRUE
"4213","奮",12,1,TRUE
"4214","導",41,1,TRUE
"4215","憲",10,1,TRUE
"4216","戰",51,1,TRUE
"4217","操",11,1,TRUE
"4218","據",34,1,TRUE
"4219","整",31,1,TRUE
"4220","樹",20,1,TRUE
"4221","歷",10,1,TRUE
"4222","澤",10,1,TRUE
"4223","激",23,1,TRUE
"4224","獨",30,1,TRUE
"4225","積",19,1,TRUE
"4226","融",16,1,TRUE
"4227","衡",21,1,TRUE
"4228","親",26,1,TRUE
"4229","賴",20,1,TRUE
"4230","輸",20,1,TRUE
"4231","辦",23,1,TRUE
"4232","選",84,1,TRUE
"4233","醒",11,1,TRUE
"4234","錄",20,1,TRUE
"4235","錢",29,1,TRUE
"4236","錯",61,1,TRUE
"4237","隨",27,1,TRUE
"4238","險",24,1,TRUE
"4239","靜",20,1,TRUE
"4240","頭",79,1,TRUE
"4241","頻",10,1,TRUE
"4242","餐",14,1,TRUE
"4243","默",18,1,TRUE
"4244","龍",12,1,TRUE
"4245","優",23,1,TRUE
"4246","勵",14,1,TRUE
"4247","嚇",20,1,TRUE
"4248","壓",27,1,TRUE
"4249","幫",11,1,TRUE
"4250","懂",64,1,TRUE
"4251","應",37,1,TRUE
"4252","戲",18,1,TRUE
"4253","擬",17,1,TRUE
"4254","檔",16,1,TRUE
"4255","檢",19,1,TRUE
"4256","營",16,1,TRUE
"4257","牆",16,1,TRUE
"4258","獲",10,1,TRUE
"4259","環",27,1,TRUE
"4260","瞭",11,1,TRUE
"4261","縮",16,1,TRUE
"4262","總",58,1,TRUE
"4263","聯",35,1,TRUE
"4264","聰",12,1,TRUE
"4265","聲",26,1,TRUE
"4266","臉",23,1,TRUE
"4267","臨",20,1,TRUE
"4268","舉",23,1,TRUE
"4269","艱",13,1,TRUE
"4270","薄",12,1,TRUE
"4271","薛",11,1,TRUE
"4272","薪",24,1,TRUE
"4273","講",119,1,TRUE
"4274","謝",101,1,TRUE
"4275","賺",18,1,TRUE
"4276","賽",20,1,TRUE
"4277","還",16,1,TRUE
"4278","雖",13,1,TRUE
"4279","顆",14,1,TRUE
"4280","點",131,1,TRUE
"4281","擺",10,1,TRUE
"4282","擾",12,1,TRUE
"4283","斷",33,1,TRUE
"4284","歸",30,1,TRUE
"4285","簡",40,1,TRUE
"4286","翻",98,1,TRUE
"4287","職",26,1,TRUE
"4288","舊",12,1,TRUE
"4289","藉",15,1,TRUE
"4290","藍",10,1,TRUE
"4291","覆",15,1,TRUE
"4292","豐",11,1,TRUE
"4293","轉",64,1,TRUE
"4294","醫",30,1,TRUE
"4295","雙",29,1,TRUE
"4296","雜",16,1,TRUE
"4297","離",39,1,TRUE
"4298","壞",13,1,TRUE
"4299","懶",14,1,TRUE
"4300","懷",10,1,TRUE
"4301","爆",36,1,TRUE
"4302","穩",32,1,TRUE
"4303","羅",11,1,TRUE
"4304","藥",16,1,TRUE
"4305","證",56,1,TRUE
"4306","邊",58,1,TRUE
"4307","關",93,1,TRUE
"4308","難",49,1,TRUE
"4309","韻",23,1,TRUE
"4310","願",24,1,TRUE
"4311","類",34,1,TRUE
"4312","騙",14,1,TRUE
"4313","嚴",23,1,TRUE
"4314","寶",21,1,TRUE
"4315","獻",13,1,TRUE
"4316","覺",29,1,TRUE
"4317","譬",10,1,TRUE
"4318","譯",23,1,TRUE
"4319","議",15,1,TRUE
"4320","贏",11,1,TRUE
"4321","鐘",11,1,TRUE
"4322","爛",48,1,TRUE
"4323","續",39,1,TRUE
"4324","顧",25,1,TRUE
"4325","權",37,1,TRUE
"4326","疊",10,1,TRUE
"4327","聽",131,1,TRUE
"4328","讀",108,1,TRUE
"4329","鑑",13,1,TRUE
"4330","變",56,1,TRUE
"4331","顯",16,1,TRUE
"4332","驗",16,1,TRUE
"4333","驚",14,1,TRUE
"4334","體",60,1,TRUE
"4335","靈",20,1,TRUE
"4336","蠻",76,1,TRUE
"4337","觀",30,1,TRUE
"4338","鑽",11,1,TRUE
